kindergarten_id,child_id,guardian_id,relationship,is_primary,priority,start_date,end_date,created_at,updated_at
1,1,1,FATHER,false,2,2025-07-24,,2025-07-23 16:25:05.000000 +00:00,2025-07-23 16:25:05.000000 +00:00
1,1,2,MOTHER,true,1,2025-09-28,,2025-04-13 01:11:37.000000 +00:00,2025-04-13 01:11:37.000000 +00:00
1,2,3,FATHER,false,2,2025-08-15,,2025-08-15 14:47:24.000000 +00:00,2025-08-15 14:47:24.000000 +00:00
1,2,4,MOTHER,true,1,2025-10-26,,2025-08-20 18:28:28.000000 +00:00,2025-08-20 18:28:28.000000 +00:00
1,3,5,FATHER,false,2,2025-06-19,,2025-06-18 20:25:46.000000 +00:00,2025-06-18 20:25:46.000000 +00:00
1,3,6,MOTHER,true,1,2026-02-18,,2025-11-23 16:55:16.000000 +00:00,2026-03-28 23:16:14.000000 +00:00
1,4,7,FATHER,false,2,2025-09-04,,2025-09-03 19:34:16.000000 +00:00,2025-09-22 21:44:49.000000 +00:00
1,4,8,MOTHER,true,1,2025-08-23,,2025-08-23 07:13:27.000000 +00:00,2026-02-04 07:47:47.000000 +00:00
1,5,9,FATHER,false,2,2025-02-05,,2025-01-01 21:02:04.000000 +00:00,2025-01-19 11:39:05.000000 +00:00
1,5,10,MOTHER,true,1,2025-08-19,,2025-08-19 05:22:34.000000 +00:00,2025-11-21 12:19:25.000000 +00:00
1,6,11,FATHER,false,2,2026-03-06,,2025-06-17 05:41:23.000000 +00:00,2026-02-19 14:22:02.000000 +00:00
1,6,12,MOTHER,true,1,2025-03-14,,2025-02-09 02:45:55.000000 +00:00,2026-03-20 10:33:27.000000 +00:00
1,7,13,FATHER,false,2,2025-12-18,,2025-12-17 17:00:48.000000 +00:00,2025-12-17 17:00:48.000000 +00:00
1,7,14,MOTHER,true,1,2026-01-18,,2025-07-15 07:02:59.000000 +00:00,2025-07-15 07:02:59.000000 +00:00
1,8,15,FATHER,false,2,2025-12-06,,2025-12-06 04:55:36.000000 +00:00,2025-12-06 04:55:36.000000 +00:00
1,8,16,MOTHER,true,1,2025-10-10,,2025-08-03 10:18:47.000000 +00:00,2025-08-03 10:18:47.000000 +00:00
1,9,17,FATHER,false,2,2025-12-05,,2025-12-05 09:09:18.000000 +00:00,2026-01-07 15:30:30.000000 +00:00
1,9,18,MOTHER,true,1,2025-06-24,,2025-01-21 03:08:39.000000 +00:00,2025-08-10 23:33:51.000000 +00:00
1,10,19,FATHER,false,2,2025-11-06,,2025-11-05 20:49:30.000000 +00:00,2026-03-07 14:41:46.000000 +00:00
1,10,20,MOTHER,true,1,2025-08-06,,2025-08-06 12:36:46.000000 +00:00,2025-08-06 12:36:46.000000 +00:00
1,11,21,FATHER,false,2,2025-09-10,,2025-08-11 06:02:56.000000 +00:00,2025-08-11 06:02:56.000000 +00:00
1,11,22,MOTHER,true,1,2025-12-19,,2025-01-22 05:03:49.000000 +00:00,2025-03-04 00:17:28.000000 +00:00
1,12,23,FATHER,false,2,2025-08-05,,2025-08-05 07:42:08.000000 +00:00,2026-01-15 15:45:25.000000 +00:00
1,12,24,MOTHER,true,1,2025-12-25,,2025-06-22 03:33:03.000000 +00:00,2025-06-22 03:33:03.000000 +00:00
1,13,25,FATHER,false,2,2025-08-22,,2025-03-02 13:39:38.000000 +00:00,2026-02-07 19:13:42.000000 +00:00
1,13,26,MOTHER,true,1,2026-03-02,,2026-03-02 02:23:54.000000 +00:00,2026-03-02 02:23:54.000000 +00:00
1,14,27,FATHER,false,2,2025-07-13,,2025-07-11 01:25:05.000000 +00:00,2025-07-11 01:25:05.000000 +00:00
1,14,28,MOTHER,true,1,2025-10-19,,2025-07-07 20:20:58.000000 +00:00,2025-11-23 11:35:00.000000 +00:00
1,15,29,FATHER,false,2,2026-01-23,,2025-04-12 21:40:36.000000 +00:00,2025-11-29 11:11:21.000000 +00:00
1,15,30,MOTHER,true,1,2026-01-14,,2026-01-14 00:26:59.000000 +00:00,2026-01-14 00:26:59.000000 +00:00
1,16,31,FATHER,false,2,2026-01-21,,2026-01-21 11:53:48.000000 +00:00,2026-02-27 06:36:16.000000 +00:00
1,16,32,MOTHER,true,1,2025-07-03,,2025-06-09 14:48:01.000000 +00:00,2025-07-25 08:52:56.000000 +00:00
1,17,33,FATHER,false,2,2025-07-02,,2025-03-09 22:22:03.000000 +00:00,2026-02-03 04:56:35.000000 +00:00
1,17,34,MOTHER,true,1,2026-03-05,,2026-03-04 21:09:41.000000 +00:00,2026-03-04 21:09:41.000000 +00:00
1,18,35,FATHER,false,2,2025-12-06,,2025-05-21 03:51:55.000000 +00:00,2025-09-20 23:49:36.000000 +00:00
1,18,36,MOTHER,true,1,2026-02-25,,2026-02-25 12:44:47.000000 +00:00,2026-02-25 12:44:47.000000 +00:00
1,19,37,FATHER,false,2,2025-12-22,,2025-12-19 00:24:01.000000 +00:00,2025-12-19 00:24:01.000000 +00:00
1,19,38,MOTHER,true,1,2025-12-13,,2025-12-13 10:12:41.000000 +00:00,2025-12-13 10:12:41.000000 +00:00
1,20,39,FATHER,false,2,2025-07-12,,2025-07-12 00:59:03.000000 +00:00,2026-01-23 18:29:30.000000 +00:00
1,20,40,MOTHER,true,1,2026-01-21,,2026-01-20 16:54:45.000000 +00:00,2026-01-20 16:54:45.000000 +00:00
1,21,41,FATHER,false,2,2025-10-01,,2025-07-07 23:29:15.000000 +00:00,2025-07-07 23:29:15.000000 +00:00
1,21,42,MOTHER,true,1,2025-12-23,,2025-03-31 12:23:59.000000 +00:00,2025-06-04 05:32:19.000000 +00:00
1,22,43,FATHER,false,2,2025-06-09,,2025-02-07 21:44:54.000000 +00:00,2025-03-21 07:37:50.000000 +00:00
1,22,44,MOTHER,true,1,2026-02-22,,2026-02-21 18:59:54.000000 +00:00,2026-02-21 18:59:54.000000 +00:00
1,23,45,FATHER,false,2,2025-08-29,,2025-08-29 10:48:44.000000 +00:00,2025-08-29 10:48:44.000000 +00:00
1,23,46,MOTHER,true,1,2026-03-18,,2026-03-17 21:15:32.000000 +00:00,2026-03-17 21:15:32.000000 +00:00
1,24,47,FATHER,false,2,2025-04-22,,2025-02-11 03:08:35.000000 +00:00,2025-02-11 03:08:35.000000 +00:00
1,24,48,MOTHER,true,1,2025-12-09,,2025-11-12 14:13:21.000000 +00:00,2026-02-28 03:15:17.000000 +00:00
1,25,49,FATHER,false,2,2025-12-09,,2025-12-09 01:52:27.000000 +00:00,2025-12-19 16:59:04.000000 +00:00
1,25,50,MOTHER,true,1,2025-12-04,,2025-12-04 02:43:43.000000 +00:00,2025-12-04 02:43:43.000000 +00:00
1,26,51,FATHER,false,2,2025-06-05,,2025-03-04 03:55:58.000000 +00:00,2025-05-31 23:59:49.000000 +00:00
1,26,52,MOTHER,true,1,2025-11-25,,2025-02-08 08:13:53.000000 +00:00,2026-01-27 09:44:33.000000 +00:00
1,27,53,FATHER,false,2,2026-01-15,,2026-01-15 07:38:32.000000 +00:00,2026-01-15 07:38:32.000000 +00:00
1,27,54,MOTHER,true,1,2026-01-02,,2026-01-01 16:12:35.000000 +00:00,2026-01-01 16:12:35.000000 +00:00
1,28,55,FATHER,false,2,2025-11-18,,2025-01-09 06:55:38.000000 +00:00,2025-04-19 19:37:06.000000 +00:00
1,28,56,MOTHER,true,1,2026-03-10,,2025-09-25 14:48:48.000000 +00:00,2025-09-25 14:48:48.000000 +00:00
1,29,57,FATHER,false,2,2025-09-13,,2025-01-17 03:19:55.000000 +00:00,2025-09-12 14:20:38.000000 +00:00
1,29,58,MOTHER,true,1,2025-12-14,,2025-01-01 22:59:44.000000 +00:00,2025-07-21 08:10:18.000000 +00:00
1,30,59,FATHER,false,2,2025-01-14,,2025-01-14 10:47:00.000000 +00:00,2026-01-28 06:05:07.000000 +00:00
1,30,60,MOTHER,true,1,2025-07-11,,2025-05-13 17:35:35.000000 +00:00,2025-05-13 17:35:35.000000 +00:00
1,31,61,FATHER,false,2,2026-02-03,,2025-09-28 02:37:15.000000 +00:00,2025-10-03 19:14:11.000000 +00:00
1,31,62,MOTHER,true,1,2025-10-24,,2025-01-17 08:52:34.000000 +00:00,2025-03-14 07:57:30.000000 +00:00
1,32,63,FATHER,false,2,2026-03-27,,2025-12-01 03:22:41.000000 +00:00,2025-12-01 03:22:41.000000 +00:00
1,32,64,MOTHER,true,1,2025-11-05,,2025-11-04 21:39:58.000000 +00:00,2025-11-04 21:39:58.000000 +00:00
1,33,65,FATHER,false,2,2026-02-04,,2026-02-03 19:17:33.000000 +00:00,2026-02-03 19:17:33.000000 +00:00
1,33,66,MOTHER,true,1,2025-02-25,,2025-01-25 06:12:43.000000 +00:00,2025-01-25 06:12:43.000000 +00:00
1,34,67,FATHER,false,2,2026-01-22,,2025-12-03 00:14:41.000000 +00:00,2025-12-03 00:14:41.000000 +00:00
1,34,68,MOTHER,true,1,2025-12-31,,2025-09-29 10:33:13.000000 +00:00,2026-01-17 17:10:40.000000 +00:00
1,35,69,FATHER,false,2,2026-03-16,,2026-03-15 21:28:28.000000 +00:00,2026-03-15 21:28:28.000000 +00:00
1,35,70,MOTHER,true,1,2026-01-22,,2026-01-22 10:45:32.000000 +00:00,2026-01-22 10:45:32.000000 +00:00
1,36,71,FATHER,false,2,2025-11-19,,2025-11-18 18:18:35.000000 +00:00,2025-11-18 18:18:35.000000 +00:00
1,36,72,MOTHER,true,1,2025-07-07,,2025-07-06 17:28:56.000000 +00:00,2025-07-06 17:28:56.000000 +00:00
1,37,73,FATHER,false,2,2025-05-06,,2025-01-06 14:06:27.000000 +00:00,2025-01-09 21:46:38.000000 +00:00
1,37,74,MOTHER,true,1,2026-02-12,,2025-03-23 03:21:53.000000 +00:00,2026-02-08 01:59:46.000000 +00:00
1,38,75,FATHER,false,2,2025-08-28,,2025-06-13 05:36:41.000000 +00:00,2025-06-13 05:36:41.000000 +00:00
1,38,76,MOTHER,true,1,2025-06-01,,2025-06-01 06:45:42.000000 +00:00,2026-03-02 01:30:04.000000 +00:00
1,39,77,FATHER,false,2,2026-03-28,,2025-03-13 02:50:19.000000 +00:00,2025-03-13 02:50:19.000000 +00:00
1,39,78,MOTHER,true,1,2025-10-01,,2025-09-05 12:04:20.000000 +00:00,2025-09-05 12:04:20.000000 +00:00
1,40,79,FATHER,false,2,2026-01-27,,2026-01-26 20:03:34.000000 +00:00,2026-01-26 20:03:34.000000 +00:00
1,40,80,MOTHER,true,1,2026-01-07,,2025-09-22 15:43:06.000000 +00:00,2026-02-17 22:02:30.000000 +00:00
1,41,81,FATHER,false,2,2026-01-16,,2025-11-15 10:40:28.000000 +00:00,2026-01-04 00:13:12.000000 +00:00
1,41,82,MOTHER,true,1,2025-05-10,,2025-05-10 02:10:09.000000 +00:00,2025-12-12 16:00:18.000000 +00:00
1,42,83,FATHER,false,2,2025-03-04,,2025-01-12 23:13:42.000000 +00:00,2025-11-03 07:20:32.000000 +00:00
1,42,84,MOTHER,true,1,2025-12-21,,2025-12-20 18:53:43.000000 +00:00,2025-12-20 18:53:43.000000 +00:00
1,43,85,FATHER,false,2,2025-07-21,,2025-07-20 18:47:29.000000 +00:00,2025-08-30 10:15:19.000000 +00:00
1,43,86,MOTHER,true,1,2025-07-23,,2025-05-26 16:59:09.000000 +00:00,2026-02-12 05:44:44.000000 +00:00
1,44,87,FATHER,false,2,2025-05-12,,2025-05-11 18:37:23.000000 +00:00,2025-07-19 03:34:48.000000 +00:00
1,44,88,MOTHER,true,1,2026-01-01,,2026-01-01 10:56:44.000000 +00:00,2026-01-01 10:56:44.000000 +00:00
1,45,89,FATHER,false,2,2026-01-14,,2026-01-14 13:13:33.000000 +00:00,2026-01-14 13:13:33.000000 +00:00
1,45,90,MOTHER,true,1,2026-03-29,,2026-03-29 05:25:41.000000 +00:00,2026-03-29 05:25:41.000000 +00:00
1,46,91,FATHER,false,2,2025-12-23,,2025-12-22 20:16:44.000000 +00:00,2025-12-22 20:16:44.000000 +00:00
1,46,92,MOTHER,true,1,2025-09-17,,2025-09-17 07:38:28.000000 +00:00,2025-09-17 07:38:28.000000 +00:00
1,47,93,FATHER,false,2,2026-02-23,,2026-02-01 02:46:21.000000 +00:00,2026-02-01 02:46:21.000000 +00:00
1,47,94,MOTHER,true,1,2025-12-04,,2025-02-25 11:18:06.000000 +00:00,2025-11-06 08:52:26.000000 +00:00
1,48,95,FATHER,false,2,2026-01-14,,2026-01-13 21:06:34.000000 +00:00,2026-01-13 21:06:34.000000 +00:00
1,48,96,MOTHER,true,1,2025-07-25,,2025-01-18 03:52:11.000000 +00:00,2025-03-26 22:24:44.000000 +00:00
1,49,97,FATHER,false,2,2026-01-19,,2026-01-19 13:53:21.000000 +00:00,2026-01-19 13:53:21.000000 +00:00
1,49,98,MOTHER,true,1,2026-03-18,,2026-03-17 20:26:16.000000 +00:00,2026-03-17 20:26:16.000000 +00:00
1,50,99,FATHER,false,2,2025-09-29,,2025-09-29 00:58:43.000000 +00:00,2025-09-29 00:58:43.000000 +00:00
1,50,100,MOTHER,true,1,2025-12-25,,2025-08-28 13:02:05.000000 +00:00,2025-10-23 14:46:34.000000 +00:00
1,51,101,FATHER,false,2,2025-11-26,,2025-11-26 00:47:30.000000 +00:00,2025-11-26 00:47:30.000000 +00:00
1,51,102,MOTHER,true,1,2026-02-23,,2026-01-27 07:32:09.000000 +00:00,2026-01-27 07:32:09.000000 +00:00
1,52,103,FATHER,false,2,2025-11-10,,2025-11-10 13:37:13.000000 +00:00,2025-11-29 21:56:32.000000 +00:00
1,52,104,MOTHER,true,1,2025-09-10,,2025-09-10 04:27:31.000000 +00:00,2026-02-05 14:39:07.000000 +00:00
1,53,105,FATHER,false,2,2025-11-13,,2025-06-18 22:38:26.000000 +00:00,2026-01-17 14:15:00.000000 +00:00
1,53,106,MOTHER,true,1,2025-10-13,,2025-10-12 18:04:48.000000 +00:00,2025-10-12 18:04:48.000000 +00:00
1,54,107,FATHER,false,2,2025-08-18,,2025-04-15 04:04:04.000000 +00:00,2025-10-25 18:36:27.000000 +00:00
1,54,108,MOTHER,true,1,2025-12-22,,2025-12-22 02:21:17.000000 +00:00,2026-03-07 19:47:47.000000 +00:00
1,55,109,FATHER,false,2,2025-09-04,,2025-08-21 14:01:05.000000 +00:00,2026-03-20 20:23:25.000000 +00:00
1,55,110,MOTHER,true,1,2025-07-21,,2025-07-21 01:20:36.000000 +00:00,2026-03-29 00:49:18.000000 +00:00
1,56,111,FATHER,false,2,2026-02-16,,2026-02-15 21:38:47.000000 +00:00,2026-02-15 21:38:47.000000 +00:00
1,56,112,MOTHER,true,1,2025-12-03,,2025-12-03 07:53:37.000000 +00:00,2025-12-03 07:53:37.000000 +00:00
1,57,113,FATHER,false,2,2025-02-26,,2025-01-25 05:23:14.000000 +00:00,2025-05-01 14:40:33.000000 +00:00
1,57,114,MOTHER,true,1,2026-01-24,,2026-01-24 06:08:35.000000 +00:00,2026-01-26 05:50:39.000000 +00:00
1,58,115,FATHER,false,2,2025-07-15,,2025-01-30 13:37:27.000000 +00:00,2026-01-09 05:38:58.000000 +00:00
1,58,116,MOTHER,true,1,2025-11-21,,2025-03-03 17:10:10.000000 +00:00,2026-03-10 10:47:25.000000 +00:00
1,59,117,FATHER,false,2,2025-07-30,,2025-01-20 11:38:07.000000 +00:00,2025-03-26 18:35:24.000000 +00:00
1,59,118,MOTHER,true,1,2026-03-13,,2026-03-13 07:52:21.000000 +00:00,2026-03-13 07:52:21.000000 +00:00
1,60,119,FATHER,false,2,2026-01-27,,2026-01-26 22:49:43.000000 +00:00,2026-01-26 22:49:43.000000 +00:00
1,60,120,MOTHER,true,1,2025-11-30,,2025-11-30 05:42:03.000000 +00:00,2025-12-13 00:53:59.000000 +00:00
1,61,121,FATHER,false,2,2026-03-22,,2025-08-02 18:19:46.000000 +00:00,2025-12-15 23:51:00.000000 +00:00
1,61,122,MOTHER,true,1,2025-08-16,,2025-08-16 09:58:46.000000 +00:00,2025-11-30 11:17:01.000000 +00:00
1,62,123,FATHER,false,2,2025-12-14,,2025-03-01 19:57:53.000000 +00:00,2025-12-21 14:20:26.000000 +00:00
1,62,124,MOTHER,true,1,2026-01-16,,2026-01-15 18:45:52.000000 +00:00,2026-03-29 16:48:17.000000 +00:00
1,63,125,FATHER,false,2,2025-12-03,,2025-03-11 22:38:01.000000 +00:00,2025-03-24 05:51:42.000000 +00:00
1,63,126,MOTHER,true,1,2025-05-21,,2025-05-21 02:46:17.000000 +00:00,2025-06-26 09:04:14.000000 +00:00
1,64,127,FATHER,false,2,2026-01-02,,2026-01-02 10:25:03.000000 +00:00,2026-01-02 10:25:03.000000 +00:00
1,64,128,MOTHER,true,1,2025-12-06,,2025-12-06 03:12:53.000000 +00:00,2025-12-06 03:12:53.000000 +00:00
1,65,129,FATHER,false,2,2026-01-23,,2026-01-23 11:00:19.000000 +00:00,2026-01-23 11:00:19.000000 +00:00
1,65,130,MOTHER,true,1,2025-07-05,,2025-07-05 07:05:18.000000 +00:00,2025-08-21 11:27:13.000000 +00:00
1,66,131,FATHER,false,2,2025-12-07,,2025-12-07 06:14:50.000000 +00:00,2026-03-12 10:23:07.000000 +00:00
1,66,132,MOTHER,true,1,2026-02-27,,2026-02-27 09:47:24.000000 +00:00,2026-02-27 09:47:24.000000 +00:00
1,67,133,FATHER,false,2,2025-09-29,,2025-06-30 07:00:35.000000 +00:00,2025-07-15 05:25:36.000000 +00:00
1,67,134,MOTHER,true,1,2025-07-31,,2025-04-10 21:04:05.000000 +00:00,2025-07-25 23:26:30.000000 +00:00
1,68,135,FATHER,false,2,2026-03-18,,2026-03-10 16:45:55.000000 +00:00,2026-03-10 16:45:55.000000 +00:00
1,68,136,MOTHER,true,1,2025-10-09,,2025-08-10 10:38:38.000000 +00:00,2025-08-10 10:38:38.000000 +00:00
1,69,137,FATHER,false,2,2026-03-01,,2026-03-01 00:39:01.000000 +00:00,2026-03-01 00:39:01.000000 +00:00
1,69,138,MOTHER,true,1,2026-03-25,,2026-03-25 08:39:26.000000 +00:00,2026-03-25 08:39:26.000000 +00:00
1,70,139,FATHER,false,2,2026-03-06,,2025-04-02 22:16:06.000000 +00:00,2025-04-02 22:16:06.000000 +00:00
1,70,140,MOTHER,true,1,2026-02-01,,2025-03-23 18:40:23.000000 +00:00,2025-05-17 06:31:21.000000 +00:00
1,71,141,FATHER,false,2,2025-07-31,,2025-07-30 20:53:13.000000 +00:00,2025-10-29 21:05:09.000000 +00:00
1,71,142,MOTHER,true,1,2025-03-27,,2025-03-26 21:23:41.000000 +00:00,2026-02-27 03:02:16.000000 +00:00
1,72,143,FATHER,false,2,2025-10-13,,2025-10-13 01:40:40.000000 +00:00,2025-10-21 08:53:15.000000 +00:00
1,72,144,MOTHER,true,1,2025-03-15,,2025-01-10 16:29:03.000000 +00:00,2025-02-17 22:49:36.000000 +00:00
1,73,145,FATHER,false,2,2026-03-28,,2025-03-10 03:40:35.000000 +00:00,2025-06-11 21:51:07.000000 +00:00
1,73,146,MOTHER,true,1,2025-09-11,,2025-09-11 05:44:14.000000 +00:00,2025-09-11 05:44:14.000000 +00:00
1,74,147,FATHER,false,2,2025-11-27,,2025-11-19 00:21:26.000000 +00:00,2025-11-19 00:21:26.000000 +00:00
1,74,148,MOTHER,true,1,2025-11-12,,2025-11-11 22:44:08.000000 +00:00,2025-11-11 22:44:08.000000 +00:00
1,75,149,FATHER,false,2,2026-02-01,,2026-02-01 02:53:22.000000 +00:00,2026-02-01 02:53:22.000000 +00:00
1,75,150,MOTHER,true,1,2026-03-22,,2025-05-15 17:57:05.000000 +00:00,2025-05-15 17:57:05.000000 +00:00
1,76,151,FATHER,false,2,2026-03-25,,2026-03-24 16:59:54.000000 +00:00,2026-03-24 16:59:54.000000 +00:00
1,76,152,MOTHER,true,1,2025-09-27,,2025-09-27 13:32:16.000000 +00:00,2025-10-10 04:28:06.000000 +00:00
1,77,153,FATHER,false,2,2026-01-20,,2026-01-20 14:32:08.000000 +00:00,2026-01-20 14:32:08.000000 +00:00
1,77,154,MOTHER,true,1,2025-03-20,,2025-02-17 11:40:46.000000 +00:00,2025-02-17 11:40:46.000000 +00:00
1,78,155,FATHER,false,2,2025-03-27,,2025-03-27 05:23:48.000000 +00:00,2025-03-27 05:23:48.000000 +00:00
1,78,156,MOTHER,true,1,2026-02-10,,2025-12-15 04:41:22.000000 +00:00,2025-12-15 04:41:22.000000 +00:00
1,79,157,FATHER,false,2,2026-03-11,,2026-03-10 22:20:45.000000 +00:00,2026-03-10 22:20:45.000000 +00:00
1,79,158,MOTHER,true,1,2025-12-24,,2025-12-23 23:32:17.000000 +00:00,2025-12-23 23:32:17.000000 +00:00
1,80,159,FATHER,false,2,2026-03-13,,2025-04-04 03:55:58.000000 +00:00,2025-11-23 06:48:08.000000 +00:00
1,80,160,MOTHER,true,1,2026-02-15,,2026-02-15 11:12:23.000000 +00:00,2026-03-26 05:23:00.000000 +00:00
1,81,161,FATHER,false,2,2026-01-12,,2025-11-22 00:48:10.000000 +00:00,2026-03-06 16:17:23.000000 +00:00
1,81,162,MOTHER,true,1,2026-01-18,,2026-01-17 20:26:52.000000 +00:00,2026-01-17 20:26:52.000000 +00:00
1,82,163,FATHER,false,2,2025-12-09,,2025-12-09 03:14:46.000000 +00:00,2025-12-09 03:14:46.000000 +00:00
1,82,164,MOTHER,true,1,2026-01-22,,2026-01-22 04:57:06.000000 +00:00,2026-02-14 13:00:23.000000 +00:00
1,83,165,FATHER,false,2,2025-11-01,,2025-11-01 14:07:38.000000 +00:00,2025-11-01 14:07:38.000000 +00:00
1,83,166,MOTHER,true,1,2025-11-26,,2025-11-26 11:37:27.000000 +00:00,2025-12-09 08:22:07.000000 +00:00
1,84,167,FATHER,false,2,2026-01-07,,2025-12-07 21:42:54.000000 +00:00,2025-12-07 21:42:54.000000 +00:00
1,84,168,MOTHER,true,1,2025-10-27,,2025-07-29 23:07:56.000000 +00:00,2026-03-03 07:24:05.000000 +00:00
1,85,169,FATHER,false,2,2025-03-04,,2025-02-14 01:58:15.000000 +00:00,2025-11-05 10:29:29.000000 +00:00
1,85,170,MOTHER,true,1,2025-06-08,,2025-01-21 00:03:40.000000 +00:00,2025-01-21 00:03:40.000000 +00:00
1,86,171,FATHER,false,2,2025-10-20,,2025-10-19 22:36:41.000000 +00:00,2026-02-12 16:11:26.000000 +00:00
1,86,172,MOTHER,true,1,2026-03-13,,2026-03-12 22:42:36.000000 +00:00,2026-03-12 22:42:36.000000 +00:00
1,87,173,FATHER,false,2,2026-02-03,,2025-10-07 05:38:39.000000 +00:00,2025-10-07 05:38:39.000000 +00:00
1,87,174,MOTHER,true,1,2026-03-17,,2026-03-17 01:41:04.000000 +00:00,2026-03-17 01:41:04.000000 +00:00
1,88,175,FATHER,false,2,2025-09-24,,2025-09-24 00:30:02.000000 +00:00,2025-09-24 00:30:02.000000 +00:00
1,88,176,MOTHER,true,1,2026-02-25,,2026-02-25 07:18:35.000000 +00:00,2026-02-25 07:18:35.000000 +00:00
1,89,177,FATHER,false,2,2025-06-09,,2025-04-11 14:08:35.000000 +00:00,2025-04-11 14:08:35.000000 +00:00
1,89,178,MOTHER,true,1,2025-07-15,,2025-01-11 11:12:07.000000 +00:00,2025-01-21 22:55:52.000000 +00:00
1,90,179,FATHER,false,2,2026-03-22,,2025-12-24 23:45:16.000000 +00:00,2025-12-24 23:45:16.000000 +00:00
1,90,180,MOTHER,true,1,2025-06-20,,2025-06-20 01:17:03.000000 +00:00,2025-06-30 22:36:35.000000 +00:00
1,91,181,FATHER,false,2,2025-12-11,,2025-02-22 14:06:50.000000 +00:00,2026-02-16 00:45:21.000000 +00:00
1,91,182,MOTHER,true,1,2025-11-05,,2025-11-05 01:21:28.000000 +00:00,2026-03-13 03:56:51.000000 +00:00
1,92,183,FATHER,false,2,2025-02-18,,2025-02-17 11:10:37.000000 +00:00,2026-02-02 12:08:47.000000 +00:00
1,92,184,MOTHER,true,1,2026-02-16,,2025-10-19 05:25:59.000000 +00:00,2025-10-19 05:25:59.000000 +00:00
1,93,185,FATHER,false,2,2026-01-18,,2026-01-17 22:00:22.000000 +00:00,2026-03-26 22:11:48.000000 +00:00
1,93,186,MOTHER,true,1,2025-07-07,,2025-07-07 02:00:14.000000 +00:00,2025-07-07 02:00:14.000000 +00:00
1,94,187,FATHER,false,2,2025-11-22,,2025-06-01 05:51:28.000000 +00:00,2025-10-15 10:48:07.000000 +00:00
1,94,188,MOTHER,true,1,2025-07-02,,2025-07-01 23:08:33.000000 +00:00,2025-07-01 23:08:33.000000 +00:00
1,95,189,FATHER,false,2,2026-03-25,,2025-03-17 00:11:56.000000 +00:00,2025-03-17 00:11:56.000000 +00:00
1,95,190,MOTHER,true,1,2025-05-05,,2025-05-05 05:41:41.000000 +00:00,2025-05-05 05:41:41.000000 +00:00
1,96,191,FATHER,false,2,2026-01-06,,2026-01-05 20:07:06.000000 +00:00,2026-01-05 20:07:06.000000 +00:00
1,96,192,MOTHER,true,1,2025-10-18,,2025-06-05 03:25:37.000000 +00:00,2025-06-05 03:31:38.000000 +00:00
1,97,193,FATHER,false,2,2025-12-30,,2025-09-13 15:16:58.000000 +00:00,2025-11-07 22:21:23.000000 +00:00
1,97,194,MOTHER,true,1,2025-05-13,,2025-04-17 12:26:16.000000 +00:00,2025-04-17 12:26:16.000000 +00:00
1,98,195,FATHER,false,2,2025-08-18,,2025-08-17 23:50:23.000000 +00:00,2025-12-20 15:24:26.000000 +00:00
1,98,196,MOTHER,true,1,2025-10-13,,2025-10-13 10:13:59.000000 +00:00,2025-12-14 14:58:37.000000 +00:00
1,99,197,FATHER,false,2,2025-07-10,,2025-07-10 08:26:38.000000 +00:00,2025-07-10 08:26:38.000000 +00:00
1,99,198,MOTHER,true,1,2025-12-26,,2025-12-23 09:21:22.000000 +00:00,2025-12-31 11:12:06.000000 +00:00
1,100,199,FATHER,false,2,2026-01-04,,2026-01-04 07:37:30.000000 +00:00,2026-01-04 07:37:30.000000 +00:00
1,100,200,MOTHER,true,1,2025-12-25,,2025-10-09 19:09:11.000000 +00:00,2025-10-09 19:09:11.000000 +00:00
1,101,201,FATHER,false,2,2026-03-30,,2025-02-26 11:55:51.000000 +00:00,2025-12-15 22:55:33.000000 +00:00
1,101,202,MOTHER,true,1,2025-09-30,,2025-09-04 19:42:51.000000 +00:00,2025-09-28 17:21:39.000000 +00:00
1,102,203,FATHER,false,2,2026-03-11,,2026-02-23 20:56:46.000000 +00:00,2026-02-23 20:56:46.000000 +00:00
1,102,204,MOTHER,true,1,2025-07-31,,2025-07-31 05:09:12.000000 +00:00,2025-07-31 05:09:12.000000 +00:00
1,103,205,FATHER,false,2,2025-12-12,,2025-12-12 07:29:17.000000 +00:00,2025-12-12 07:29:17.000000 +00:00
1,103,206,MOTHER,true,1,2026-01-30,,2026-01-30 03:10:23.000000 +00:00,2026-03-12 11:15:20.000000 +00:00
1,104,207,FATHER,false,2,2025-07-25,,2025-01-27 13:02:50.000000 +00:00,2025-12-06 02:14:58.000000 +00:00
1,104,208,MOTHER,true,1,2025-07-16,,2025-07-16 02:52:01.000000 +00:00,2025-09-28 15:34:20.000000 +00:00
1,105,209,FATHER,false,2,2025-04-22,,2025-04-22 04:26:25.000000 +00:00,2026-03-08 02:22:25.000000 +00:00
1,105,210,MOTHER,true,1,2026-01-16,,2025-11-20 12:06:26.000000 +00:00,2025-11-20 12:06:26.000000 +00:00
1,106,211,FATHER,false,2,2025-04-20,,2025-04-19 21:00:36.000000 +00:00,2025-05-12 06:36:39.000000 +00:00
1,106,212,MOTHER,true,1,2026-03-29,,2026-03-29 06:17:16.000000 +00:00,2026-03-29 06:17:16.000000 +00:00
1,107,213,FATHER,false,2,2025-12-20,,2025-03-23 16:21:43.000000 +00:00,2025-12-13 22:21:06.000000 +00:00
1,107,214,MOTHER,true,1,2025-10-05,,2025-02-15 22:27:32.000000 +00:00,2025-06-30 04:38:19.000000 +00:00
1,108,215,FATHER,false,2,2026-01-17,,2026-01-17 08:12:20.000000 +00:00,2026-02-27 21:08:26.000000 +00:00
1,108,216,MOTHER,true,1,2025-11-13,,2025-03-12 23:31:37.000000 +00:00,2026-03-16 09:20:30.000000 +00:00
1,109,217,FATHER,false,2,2025-12-16,,2025-12-16 00:28:51.000000 +00:00,2025-12-16 00:28:51.000000 +00:00
1,109,218,MOTHER,true,1,2025-09-01,,2025-03-17 11:44:43.000000 +00:00,2025-08-16 09:09:07.000000 +00:00
1,110,219,FATHER,false,2,2026-01-21,,2026-01-20 20:00:57.000000 +00:00,2026-01-20 20:00:57.000000 +00:00
1,110,220,MOTHER,true,1,2025-09-12,,2025-04-30 11:55:46.000000 +00:00,2025-07-31 18:10:02.000000 +00:00
1,111,221,FATHER,false,2,2026-01-16,,2026-01-07 07:58:49.000000 +00:00,2026-01-07 07:58:49.000000 +00:00
1,111,222,MOTHER,true,1,2025-10-14,,2025-10-14 14:41:21.000000 +00:00,2025-10-14 14:41:21.000000 +00:00
1,112,223,FATHER,false,2,2026-02-18,,2025-08-25 05:02:45.000000 +00:00,2025-12-05 09:50:54.000000 +00:00
1,112,224,MOTHER,true,1,2026-03-02,,2026-01-11 17:38:51.000000 +00:00,2026-01-11 17:38:51.000000 +00:00
1,113,225,FATHER,false,2,2025-11-07,,2025-04-30 20:39:05.000000 +00:00,2025-10-27 18:49:07.000000 +00:00
1,113,226,MOTHER,true,1,2025-12-18,,2025-05-08 03:23:47.000000 +00:00,2025-07-31 20:06:50.000000 +00:00
1,114,227,FATHER,false,2,2025-11-22,,2025-01-31 02:42:27.000000 +00:00,2025-06-16 22:45:27.000000 +00:00
1,114,228,MOTHER,true,1,2026-03-29,,2026-03-29 00:38:31.000000 +00:00,2026-03-29 00:38:31.000000 +00:00
1,115,229,FATHER,false,2,2026-01-24,,2026-01-24 00:29:15.000000 +00:00,2026-03-10 12:30:05.000000 +00:00
1,115,230,MOTHER,true,1,2025-09-25,,2025-09-25 08:41:15.000000 +00:00,2025-09-25 08:41:15.000000 +00:00
1,116,231,FATHER,false,2,2025-04-04,,2025-04-04 01:18:51.000000 +00:00,2025-12-17 05:19:38.000000 +00:00
1,116,232,MOTHER,true,1,2025-12-08,,2025-08-08 16:58:52.000000 +00:00,2026-03-21 19:32:02.000000 +00:00
1,117,233,FATHER,false,2,2025-04-07,,2025-02-03 06:55:57.000000 +00:00,2025-02-19 09:35:49.000000 +00:00
1,117,234,MOTHER,true,1,2026-03-18,,2026-03-18 00:35:26.000000 +00:00,2026-03-18 00:35:26.000000 +00:00
1,118,235,FATHER,false,2,2026-02-24,,2026-02-24 10:14:00.000000 +00:00,2026-02-24 10:14:00.000000 +00:00
1,118,236,MOTHER,true,1,2025-05-20,,2025-01-15 08:36:05.000000 +00:00,2026-02-17 23:17:41.000000 +00:00
1,119,237,FATHER,false,2,2025-10-01,,2025-09-30 19:03:17.000000 +00:00,2025-09-30 19:03:17.000000 +00:00
1,119,238,MOTHER,true,1,2025-03-21,,2025-03-20 16:03:38.000000 +00:00,2026-01-08 16:47:36.000000 +00:00
1,120,239,FATHER,false,2,2025-05-29,,2025-01-20 09:03:02.000000 +00:00,2026-03-22 08:27:49.000000 +00:00
1,120,240,MOTHER,true,1,2026-03-07,,2026-03-06 16:17:08.000000 +00:00,2026-03-12 01:40:12.000000 +00:00
1,121,241,FATHER,false,2,2026-02-10,,2026-02-10 13:48:04.000000 +00:00,2026-02-10 13:48:04.000000 +00:00
1,121,242,MOTHER,true,1,2026-03-25,,2026-03-25 06:34:33.000000 +00:00,2026-03-25 06:34:33.000000 +00:00
1,122,243,FATHER,false,2,2025-11-02,,2025-11-02 12:05:56.000000 +00:00,2025-12-07 04:29:47.000000 +00:00
1,122,244,MOTHER,true,1,2025-08-06,,2025-08-06 14:56:12.000000 +00:00,2026-02-26 07:12:38.000000 +00:00
1,123,245,FATHER,false,2,2025-06-28,,2025-03-21 10:17:41.000000 +00:00,2025-09-20 13:12:13.000000 +00:00
1,123,246,MOTHER,true,1,2025-10-28,,2025-10-27 19:47:36.000000 +00:00,2025-12-13 20:39:50.000000 +00:00
1,124,247,FATHER,false,2,2025-06-24,,2025-05-01 11:20:09.000000 +00:00,2025-11-07 21:14:43.000000 +00:00
1,124,248,MOTHER,true,1,2026-01-29,,2026-01-28 16:55:19.000000 +00:00,2026-03-08 07:32:55.000000 +00:00
1,125,249,FATHER,false,2,2026-03-11,,2026-03-11 03:51:41.000000 +00:00,2026-03-11 03:51:41.000000 +00:00
1,125,250,MOTHER,true,1,2025-01-24,,2025-01-24 03:01:34.000000 +00:00,2025-08-02 08:43:14.000000 +00:00
1,126,251,FATHER,false,2,2026-03-25,,2026-03-24 15:03:27.000000 +00:00,2026-03-24 15:03:27.000000 +00:00
1,126,252,MOTHER,true,1,2025-12-15,,2025-12-15 03:38:15.000000 +00:00,2025-12-15 03:38:15.000000 +00:00
1,127,253,FATHER,false,2,2026-03-01,,2025-12-27 04:57:06.000000 +00:00,2026-02-27 12:41:03.000000 +00:00
1,127,254,MOTHER,true,1,2026-02-13,,2026-02-13 01:57:40.000000 +00:00,2026-02-13 01:57:40.000000 +00:00
1,128,255,FATHER,false,2,2025-11-23,,2025-11-23 13:57:00.000000 +00:00,2025-11-23 13:57:00.000000 +00:00
1,128,256,MOTHER,true,1,2026-03-06,,2025-08-02 19:09:14.000000 +00:00,2025-09-27 20:27:30.000000 +00:00
1,129,257,FATHER,false,2,2025-11-20,,2025-11-09 22:21:47.000000 +00:00,2026-03-08 01:28:08.000000 +00:00
1,129,258,MOTHER,true,1,2025-09-09,,2025-06-05 11:03:35.000000 +00:00,2025-10-14 13:11:24.000000 +00:00
1,130,259,FATHER,false,2,2025-04-28,,2025-01-15 02:35:08.000000 +00:00,2025-10-19 11:52:16.000000 +00:00
1,130,260,MOTHER,true,1,2025-02-26,,2025-02-06 01:20:18.000000 +00:00,2025-06-08 23:53:27.000000 +00:00
1,131,261,FATHER,false,2,2025-11-01,,2025-04-19 06:18:20.000000 +00:00,2025-04-19 06:18:20.000000 +00:00
1,131,262,MOTHER,true,1,2025-05-14,,2025-05-11 00:31:12.000000 +00:00,2025-05-29 12:07:28.000000 +00:00
1,132,263,FATHER,false,2,2026-03-05,,2025-06-07 03:11:48.000000 +00:00,2025-08-12 09:26:19.000000 +00:00
1,132,264,MOTHER,true,1,2025-11-16,,2025-11-16 03:05:18.000000 +00:00,2026-01-14 06:26:14.000000 +00:00
1,133,265,FATHER,false,2,2025-12-11,,2025-03-04 21:18:25.000000 +00:00,2025-06-25 22:28:14.000000 +00:00
1,133,266,MOTHER,true,1,2025-08-26,,2025-02-12 23:27:44.000000 +00:00,2025-02-12 23:27:44.000000 +00:00
1,134,267,FATHER,false,2,2026-01-21,,2025-09-22 09:52:29.000000 +00:00,2025-09-22 09:52:29.000000 +00:00
1,134,268,MOTHER,true,1,2026-01-04,,2025-02-27 12:04:07.000000 +00:00,2025-03-30 15:29:50.000000 +00:00
1,135,269,FATHER,false,2,2026-02-19,,2026-02-18 15:13:18.000000 +00:00,2026-02-18 15:13:18.000000 +00:00
1,135,270,MOTHER,true,1,2026-02-14,,2026-02-14 07:37:03.000000 +00:00,2026-02-14 07:37:03.000000 +00:00
1,136,271,FATHER,false,2,2025-08-03,,2025-08-03 04:12:34.000000 +00:00,2025-08-03 04:12:34.000000 +00:00
1,136,272,MOTHER,true,1,2025-12-29,,2025-01-24 23:32:15.000000 +00:00,2025-03-25 19:15:45.000000 +00:00
1,137,273,FATHER,false,2,2025-07-22,,2025-04-01 15:04:12.000000 +00:00,2026-01-24 15:08:40.000000 +00:00
1,137,274,MOTHER,true,1,2025-12-08,,2025-12-08 03:19:55.000000 +00:00,2025-12-08 03:19:55.000000 +00:00
1,138,275,FATHER,false,2,2026-03-29,,2026-03-28 18:09:28.000000 +00:00,2026-03-28 18:09:28.000000 +00:00
1,138,276,MOTHER,true,1,2026-02-25,,2026-02-25 11:18:43.000000 +00:00,2026-02-25 11:18:43.000000 +00:00
1,139,277,FATHER,false,2,2026-03-14,,2026-03-14 03:03:54.000000 +00:00,2026-03-14 03:03:54.000000 +00:00
1,139,278,MOTHER,true,1,2025-10-08,,2025-10-08 03:08:46.000000 +00:00,2025-11-25 12:27:49.000000 +00:00
1,140,279,FATHER,false,2,2025-09-12,,2025-09-12 01:28:03.000000 +00:00,2025-09-12 01:28:03.000000 +00:00
1,140,280,MOTHER,true,1,2025-07-20,,2025-07-20 04:37:10.000000 +00:00,2025-07-20 04:37:10.000000 +00:00
2,141,281,FATHER,false,2,2026-02-26,,2026-02-26 14:34:19.000000 +00:00,2026-02-26 14:34:19.000000 +00:00
2,141,282,MOTHER,true,1,2025-05-17,,2025-05-16 15:17:17.000000 +00:00,2025-09-10 06:19:07.000000 +00:00
2,142,283,FATHER,false,2,2025-03-17,,2025-02-02 22:51:02.000000 +00:00,2025-08-24 17:38:30.000000 +00:00
2,142,284,MOTHER,true,1,2025-04-19,,2025-01-27 04:39:07.000000 +00:00,2025-06-05 18:53:50.000000 +00:00
2,143,285,FATHER,false,2,2026-01-13,,2025-06-09 03:03:29.000000 +00:00,2025-06-23 11:37:59.000000 +00:00
2,143,286,MOTHER,true,1,2026-01-12,,2025-08-09 00:01:30.000000 +00:00,2025-10-22 14:22:38.000000 +00:00
2,144,287,FATHER,false,2,2026-03-29,,2026-03-28 22:28:47.000000 +00:00,2026-03-28 22:28:47.000000 +00:00
2,144,288,MOTHER,true,1,2025-11-12,,2025-11-11 16:30:11.000000 +00:00,2026-01-21 15:55:05.000000 +00:00
2,145,289,FATHER,false,2,2025-06-21,,2025-03-23 13:14:55.000000 +00:00,2026-01-04 05:33:50.000000 +00:00
2,145,290,MOTHER,true,1,2025-06-22,,2025-01-04 14:30:57.000000 +00:00,2025-02-23 04:57:20.000000 +00:00
2,146,291,FATHER,false,2,2026-02-01,,2025-03-05 05:09:57.000000 +00:00,2025-06-17 05:39:19.000000 +00:00
2,146,292,MOTHER,true,1,2026-01-16,,2025-08-29 18:58:28.000000 +00:00,2026-02-01 18:23:55.000000 +00:00
2,147,293,FATHER,false,2,2025-10-22,,2025-10-22 05:00:59.000000 +00:00,2025-10-22 05:00:59.000000 +00:00
2,147,294,MOTHER,true,1,2025-10-31,,2025-03-30 10:06:22.000000 +00:00,2025-05-25 12:35:09.000000 +00:00
2,148,295,FATHER,false,2,2026-01-07,,2026-01-07 10:41:54.000000 +00:00,2026-01-07 10:41:54.000000 +00:00
2,148,296,MOTHER,true,1,2025-10-25,,2025-10-25 10:50:55.000000 +00:00,2025-11-21 05:01:07.000000 +00:00
2,149,297,FATHER,false,2,2025-05-13,,2025-05-13 09:59:57.000000 +00:00,2025-07-20 15:43:13.000000 +00:00
2,149,298,MOTHER,true,1,2026-02-13,,2026-02-12 17:35:38.000000 +00:00,2026-02-12 17:35:38.000000 +00:00
2,150,299,FATHER,false,2,2026-01-21,,2026-01-21 12:18:52.000000 +00:00,2026-01-21 12:18:52.000000 +00:00
2,150,300,MOTHER,true,1,2025-11-15,,2025-11-15 08:02:00.000000 +00:00,2025-11-15 08:02:00.000000 +00:00
2,151,301,FATHER,false,2,2025-12-18,,2025-12-18 02:14:52.000000 +00:00,2025-12-18 02:14:52.000000 +00:00
2,151,302,MOTHER,true,1,2026-02-07,,2026-02-06 21:54:16.000000 +00:00,2026-02-06 21:54:16.000000 +00:00
2,152,303,FATHER,false,2,2025-11-14,,2025-02-24 20:54:41.000000 +00:00,2025-11-28 02:06:01.000000 +00:00
2,152,304,MOTHER,true,1,2026-02-06,,2026-01-13 04:59:02.000000 +00:00,2026-01-13 04:59:02.000000 +00:00
2,153,305,FATHER,false,2,2025-02-17,,2025-01-10 04:13:49.000000 +00:00,2026-01-03 05:14:02.000000 +00:00
2,153,306,MOTHER,true,1,2025-11-14,,2025-11-14 01:28:43.000000 +00:00,2025-12-05 19:48:16.000000 +00:00
2,154,307,FATHER,false,2,2026-02-26,,2026-02-25 19:49:31.000000 +00:00,2026-02-25 19:49:31.000000 +00:00
2,154,308,MOTHER,true,1,2026-03-12,,2025-11-12 14:21:02.000000 +00:00,2025-11-12 14:21:02.000000 +00:00
2,155,309,FATHER,false,2,2025-08-16,,2025-04-01 00:00:49.000000 +00:00,2025-04-10 18:10:51.000000 +00:00
2,155,310,MOTHER,true,1,2026-02-13,,2026-02-12 17:22:54.000000 +00:00,2026-02-12 17:22:54.000000 +00:00
2,156,311,FATHER,false,2,2026-01-05,,2026-01-04 15:38:17.000000 +00:00,2026-01-04 15:38:17.000000 +00:00
2,156,312,MOTHER,true,1,2025-11-20,,2025-07-07 07:32:36.000000 +00:00,2025-07-07 07:32:36.000000 +00:00
2,157,313,FATHER,false,2,2025-12-16,,2025-12-15 23:18:37.000000 +00:00,2025-12-15 23:18:37.000000 +00:00
2,157,314,MOTHER,true,1,2025-06-11,,2025-03-21 22:25:34.000000 +00:00,2026-02-06 07:43:34.000000 +00:00
2,158,315,FATHER,false,2,2025-12-20,,2025-12-20 01:53:48.000000 +00:00,2025-12-20 01:53:48.000000 +00:00
2,158,316,MOTHER,true,1,2025-10-23,,2025-10-23 00:20:00.000000 +00:00,2025-12-11 19:45:20.000000 +00:00
2,159,317,FATHER,false,2,2025-07-05,,2025-05-12 23:52:43.000000 +00:00,2025-05-12 23:52:43.000000 +00:00
2,159,318,MOTHER,true,1,2026-03-13,,2025-12-15 05:22:42.000000 +00:00,2025-12-15 05:22:42.000000 +00:00
2,160,319,FATHER,false,2,2025-07-24,,2025-02-18 01:29:38.000000 +00:00,2025-12-12 06:30:33.000000 +00:00
2,160,320,MOTHER,true,1,2026-03-09,,2026-03-09 07:43:40.000000 +00:00,2026-03-09 07:43:40.000000 +00:00
2,161,321,FATHER,false,2,2025-09-17,,2025-06-30 07:27:12.000000 +00:00,2026-01-25 15:39:28.000000 +00:00
2,161,322,MOTHER,true,1,2025-02-19,,2025-02-13 11:05:29.000000 +00:00,2026-02-26 02:37:09.000000 +00:00
2,162,323,FATHER,false,2,2025-07-15,,2025-01-04 06:58:50.000000 +00:00,2025-11-10 08:09:52.000000 +00:00
2,162,324,MOTHER,true,1,2026-02-15,,2026-02-15 10:12:16.000000 +00:00,2026-02-15 10:12:16.000000 +00:00
2,163,325,FATHER,false,2,2026-02-09,,2025-09-15 05:03:31.000000 +00:00,2025-09-15 05:03:31.000000 +00:00
2,163,326,MOTHER,true,1,2026-03-25,,2025-07-31 02:53:06.000000 +00:00,2026-02-16 04:40:57.000000 +00:00
2,164,327,FATHER,false,2,2025-12-12,,2025-06-04 17:38:28.000000 +00:00,2026-01-20 06:54:11.000000 +00:00
2,164,328,MOTHER,true,1,2025-07-03,,2025-07-02 16:29:32.000000 +00:00,2025-07-02 16:29:32.000000 +00:00
2,165,329,FATHER,false,2,2025-10-27,,2025-07-01 11:45:57.000000 +00:00,2025-07-31 12:20:24.000000 +00:00
2,165,330,MOTHER,true,1,2026-02-19,,2026-02-19 07:46:45.000000 +00:00,2026-02-19 07:46:45.000000 +00:00
2,166,331,FATHER,false,2,2026-02-17,,2026-02-16 19:00:41.000000 +00:00,2026-02-16 19:00:41.000000 +00:00
2,166,332,MOTHER,true,1,2026-01-31,,2025-01-10 04:12:26.000000 +00:00,2025-09-02 16:42:14.000000 +00:00
2,167,333,FATHER,false,2,2026-02-09,,2026-02-08 22:10:11.000000 +00:00,2026-02-08 22:10:11.000000 +00:00
2,167,334,MOTHER,true,1,2025-09-06,,2025-09-06 07:25:49.000000 +00:00,2025-09-12 15:44:24.000000 +00:00
2,168,335,FATHER,false,2,2025-08-03,,2025-08-03 04:47:52.000000 +00:00,2025-12-18 19:11:01.000000 +00:00
2,168,336,MOTHER,true,1,2025-11-26,,2025-11-25 18:14:05.000000 +00:00,2026-03-16 21:37:59.000000 +00:00
2,169,337,FATHER,false,2,2026-03-29,,2026-03-28 21:11:30.000000 +00:00,2026-03-28 21:11:30.000000 +00:00
2,169,338,MOTHER,true,1,2025-11-14,,2025-11-13 16:27:29.000000 +00:00,2025-11-13 16:27:29.000000 +00:00
2,170,339,FATHER,false,2,2025-10-25,,2025-10-25 11:42:20.000000 +00:00,2026-01-30 17:41:42.000000 +00:00
2,170,340,MOTHER,true,1,2025-10-01,,2025-03-06 08:14:05.000000 +00:00,2025-12-13 05:51:09.000000 +00:00
2,171,341,FATHER,false,2,2025-09-28,,2025-01-05 02:06:28.000000 +00:00,2025-10-04 07:31:31.000000 +00:00
2,171,342,MOTHER,true,1,2025-06-07,,2025-05-14 18:12:11.000000 +00:00,2025-09-06 14:02:04.000000 +00:00
2,172,343,FATHER,false,2,2025-06-09,,2025-06-08 15:33:23.000000 +00:00,2026-01-12 04:37:33.000000 +00:00
2,172,344,MOTHER,true,1,2026-01-13,,2025-07-18 05:21:27.000000 +00:00,2025-07-18 05:21:27.000000 +00:00
2,173,345,FATHER,false,2,2025-02-24,,2025-02-24 01:46:15.000000 +00:00,2025-07-06 05:08:07.000000 +00:00
2,173,346,MOTHER,true,1,2026-01-13,,2026-01-12 20:32:38.000000 +00:00,2026-01-12 20:32:38.000000 +00:00
2,174,347,FATHER,false,2,2026-03-03,,2026-03-03 10:20:56.000000 +00:00,2026-03-03 10:20:56.000000 +00:00
2,174,348,MOTHER,true,1,2025-08-29,,2025-07-29 15:42:45.000000 +00:00,2025-07-29 15:42:45.000000 +00:00
2,175,349,FATHER,false,2,2025-08-21,,2025-01-20 17:57:38.000000 +00:00,2025-04-26 16:50:24.000000 +00:00
2,175,350,MOTHER,true,1,2025-05-23,,2025-05-23 07:27:30.000000 +00:00,2025-10-04 08:00:48.000000 +00:00
2,176,351,FATHER,false,2,2025-12-15,,2025-01-06 03:13:20.000000 +00:00,2025-03-06 05:52:49.000000 +00:00
2,176,352,MOTHER,true,1,2026-01-19,,2025-09-05 19:43:35.000000 +00:00,2025-09-05 19:43:35.000000 +00:00
2,177,353,FATHER,false,2,2025-10-29,,2025-01-27 03:43:07.000000 +00:00,2025-12-06 15:53:56.000000 +00:00
2,177,354,MOTHER,true,1,2026-03-11,,2026-03-11 10:02:44.000000 +00:00,2026-03-11 10:02:44.000000 +00:00
2,178,355,FATHER,false,2,2025-12-23,,2025-12-23 01:30:24.000000 +00:00,2025-12-23 01:30:24.000000 +00:00
2,178,356,MOTHER,true,1,2025-07-16,,2025-04-10 18:13:40.000000 +00:00,2025-12-30 09:25:51.000000 +00:00
2,179,357,FATHER,false,2,2025-10-02,,2025-10-01 18:55:54.000000 +00:00,2025-10-01 18:55:54.000000 +00:00
2,179,358,MOTHER,true,1,2025-12-22,,2025-12-22 12:33:52.000000 +00:00,2025-12-22 12:33:52.000000 +00:00
2,180,359,FATHER,false,2,2026-01-09,,2026-01-08 18:13:47.000000 +00:00,2026-02-26 14:25:18.000000 +00:00
2,180,360,MOTHER,true,1,2026-01-16,,2026-01-15 18:15:52.000000 +00:00,2026-01-15 18:15:52.000000 +00:00
2,181,361,FATHER,false,2,2026-02-26,,2025-10-12 16:03:03.000000 +00:00,2025-12-06 05:31:16.000000 +00:00
2,181,362,MOTHER,true,1,2025-08-15,,2025-03-30 04:40:24.000000 +00:00,2025-04-19 15:28:03.000000 +00:00
2,182,363,FATHER,false,2,2026-01-14,,2025-01-15 21:24:14.000000 +00:00,2025-05-11 16:48:37.000000 +00:00
2,182,364,MOTHER,true,1,2025-04-15,,2025-03-03 15:50:51.000000 +00:00,2025-06-24 09:35:55.000000 +00:00
2,183,365,FATHER,false,2,2025-10-19,,2025-10-18 20:05:46.000000 +00:00,2025-10-18 20:05:46.000000 +00:00
2,183,366,MOTHER,true,1,2025-05-07,,2025-02-11 12:41:24.000000 +00:00,2025-09-20 08:15:48.000000 +00:00
2,184,367,FATHER,false,2,2025-04-25,,2025-01-25 19:33:48.000000 +00:00,2025-11-27 18:02:19.000000 +00:00
2,184,368,MOTHER,true,1,2026-02-12,,2026-02-12 07:41:22.000000 +00:00,2026-02-12 07:41:22.000000 +00:00
2,185,369,FATHER,false,2,2026-01-31,,2026-01-30 22:19:35.000000 +00:00,2026-01-30 22:19:35.000000 +00:00
2,185,370,MOTHER,true,1,2026-01-04,,2026-01-04 04:58:16.000000 +00:00,2026-01-04 04:58:16.000000 +00:00
2,186,371,FATHER,false,2,2026-01-07,,2025-10-11 06:03:36.000000 +00:00,2025-10-11 06:03:36.000000 +00:00
2,186,372,MOTHER,true,1,2025-10-03,,2025-10-03 08:41:57.000000 +00:00,2025-10-03 08:41:57.000000 +00:00
2,187,373,FATHER,false,2,2025-12-12,,2025-03-07 19:59:39.000000 +00:00,2025-03-07 19:59:39.000000 +00:00
2,187,374,MOTHER,true,1,2026-03-04,,2026-01-06 18:58:25.000000 +00:00,2026-02-09 23:44:36.000000 +00:00
2,188,375,FATHER,false,2,2026-02-14,,2025-12-25 04:39:37.000000 +00:00,2025-12-25 04:39:37.000000 +00:00
2,188,376,MOTHER,true,1,2025-05-29,,2025-05-29 02:29:43.000000 +00:00,2025-05-29 02:29:43.000000 +00:00
2,189,377,FATHER,false,2,2026-03-25,,2026-03-24 19:14:21.000000 +00:00,2026-03-24 19:14:21.000000 +00:00
2,189,378,MOTHER,true,1,2025-08-31,,2025-01-21 19:02:43.000000 +00:00,2026-02-04 20:27:57.000000 +00:00
2,190,379,FATHER,false,2,2026-02-12,,2025-03-05 20:49:30.000000 +00:00,2026-01-26 02:29:43.000000 +00:00
2,190,380,MOTHER,true,1,2025-12-30,,2025-12-29 19:58:10.000000 +00:00,2025-12-29 19:58:10.000000 +00:00
2,191,381,FATHER,false,2,2025-09-23,,2025-09-22 19:03:57.000000 +00:00,2025-09-22 19:03:57.000000 +00:00
2,191,382,MOTHER,true,1,2026-02-12,,2026-01-22 22:59:29.000000 +00:00,2026-01-22 22:59:29.000000 +00:00
2,192,383,FATHER,false,2,2025-05-21,,2025-05-21 01:39:03.000000 +00:00,2026-01-28 09:47:56.000000 +00:00
2,192,384,MOTHER,true,1,2025-06-18,,2025-06-18 13:34:32.000000 +00:00,2025-11-08 09:05:33.000000 +00:00
2,193,385,FATHER,false,2,2025-05-21,,2025-03-28 19:53:48.000000 +00:00,2026-01-25 00:42:58.000000 +00:00
2,193,386,MOTHER,true,1,2026-03-19,,2026-03-19 02:39:56.000000 +00:00,2026-03-19 02:39:56.000000 +00:00
2,194,387,FATHER,false,2,2025-12-24,,2025-12-23 17:34:06.000000 +00:00,2025-12-23 17:34:06.000000 +00:00
2,194,388,MOTHER,true,1,2025-08-30,,2025-08-30 08:58:32.000000 +00:00,2025-09-07 11:25:33.000000 +00:00
2,195,389,FATHER,false,2,2025-07-07,,2025-01-24 18:24:25.000000 +00:00,2025-06-10 01:56:13.000000 +00:00
2,195,390,MOTHER,true,1,2026-02-22,,2026-02-22 13:01:44.000000 +00:00,2026-02-22 13:01:44.000000 +00:00
2,196,391,FATHER,false,2,2025-11-18,,2025-11-18 11:27:03.000000 +00:00,2025-12-04 08:10:54.000000 +00:00
2,196,392,MOTHER,true,1,2025-06-14,,2025-02-12 09:12:19.000000 +00:00,2025-09-06 04:20:00.000000 +00:00
2,197,393,FATHER,false,2,2025-11-05,,2025-11-05 14:28:31.000000 +00:00,2025-12-16 21:55:27.000000 +00:00
2,197,394,MOTHER,true,1,2025-04-05,,2025-04-05 06:51:06.000000 +00:00,2025-08-28 01:00:17.000000 +00:00
2,198,395,FATHER,false,2,2025-05-13,,2025-05-08 03:02:54.000000 +00:00,2026-01-12 05:43:11.000000 +00:00
2,198,396,MOTHER,true,1,2026-03-26,,2025-08-06 19:34:17.000000 +00:00,2025-09-16 21:35:24.000000 +00:00
2,199,397,FATHER,false,2,2025-11-16,,2025-04-11 05:10:41.000000 +00:00,2025-12-03 08:03:15.000000 +00:00
2,199,398,MOTHER,true,1,2025-08-30,,2025-08-29 17:22:42.000000 +00:00,2025-08-29 17:22:42.000000 +00:00
2,200,399,FATHER,false,2,2026-02-02,,2026-02-01 18:35:24.000000 +00:00,2026-02-01 18:35:24.000000 +00:00
2,200,400,MOTHER,true,1,2026-03-13,,2025-11-30 21:22:49.000000 +00:00,2025-11-30 21:22:49.000000 +00:00
2,201,401,FATHER,false,2,2026-03-10,,2025-10-10 00:58:30.000000 +00:00,2025-10-10 00:58:30.000000 +00:00
2,201,402,MOTHER,true,1,2025-09-25,,2025-09-24 16:24:30.000000 +00:00,2025-09-27 21:56:45.000000 +00:00
2,202,403,FATHER,false,2,2025-06-30,,2025-01-19 15:30:00.000000 +00:00,2026-01-23 02:45:32.000000 +00:00
2,202,404,MOTHER,true,1,2025-04-12,,2025-04-12 09:35:16.000000 +00:00,2025-04-12 09:35:16.000000 +00:00
2,203,405,FATHER,false,2,2025-03-29,,2025-03-28 15:50:51.000000 +00:00,2025-11-17 08:18:27.000000 +00:00
2,203,406,MOTHER,true,1,2026-01-13,,2026-01-12 15:04:36.000000 +00:00,2026-01-12 15:04:36.000000 +00:00
2,204,407,FATHER,false,2,2025-12-20,,2025-12-19 21:35:50.000000 +00:00,2025-12-19 21:35:50.000000 +00:00
2,204,408,MOTHER,true,1,2025-05-12,,2025-04-07 17:38:50.000000 +00:00,2026-03-28 17:50:35.000000 +00:00
2,205,409,FATHER,false,2,2025-09-27,,2025-09-27 14:55:38.000000 +00:00,2025-09-27 14:55:38.000000 +00:00
2,205,410,MOTHER,true,1,2026-03-17,,2026-03-16 21:43:05.000000 +00:00,2026-03-16 21:43:05.000000 +00:00
2,206,411,FATHER,false,2,2025-07-06,,2025-07-06 01:27:06.000000 +00:00,2026-02-19 21:59:40.000000 +00:00
2,206,412,MOTHER,true,1,2026-02-06,,2026-02-05 23:21:13.000000 +00:00,2026-02-05 23:21:13.000000 +00:00
2,207,413,FATHER,false,2,2026-02-11,,2026-02-11 08:28:37.000000 +00:00,2026-02-11 08:28:37.000000 +00:00
2,207,414,MOTHER,true,1,2025-12-31,,2025-12-30 20:16:42.000000 +00:00,2025-12-30 20:16:42.000000 +00:00
2,208,415,FATHER,false,2,2026-03-21,,2026-03-20 23:10:29.000000 +00:00,2026-03-20 23:10:29.000000 +00:00
2,208,416,MOTHER,true,1,2025-11-24,,2025-11-23 21:01:24.000000 +00:00,2025-11-23 21:01:24.000000 +00:00
2,209,417,FATHER,false,2,2025-01-08,,2025-01-08 02:07:29.000000 +00:00,2025-03-02 02:46:25.000000 +00:00
2,209,418,MOTHER,true,1,2026-01-03,,2025-09-25 20:41:39.000000 +00:00,2025-09-25 20:41:39.000000 +00:00
2,210,419,FATHER,false,2,2026-03-16,,2026-03-16 12:05:20.000000 +00:00,2026-03-16 12:05:20.000000 +00:00
2,210,420,MOTHER,true,1,2026-01-05,,2025-07-09 07:54:51.000000 +00:00,2025-07-09 07:54:51.000000 +00:00
2,211,421,FATHER,false,2,2025-05-02,,2025-05-01 19:42:28.000000 +00:00,2025-11-22 09:29:50.000000 +00:00
2,211,422,MOTHER,true,1,2026-02-03,,2026-02-03 01:55:19.000000 +00:00,2026-02-03 01:55:19.000000 +00:00
2,212,423,FATHER,false,2,2025-11-09,,2025-05-02 23:49:28.000000 +00:00,2025-05-02 23:49:28.000000 +00:00
2,212,424,MOTHER,true,1,2025-10-01,,2025-09-30 17:43:28.000000 +00:00,2026-02-17 01:59:51.000000 +00:00
2,213,425,FATHER,false,2,2025-08-11,,2025-06-04 19:51:10.000000 +00:00,2025-06-04 19:51:10.000000 +00:00
2,213,426,MOTHER,true,1,2026-02-08,,2025-04-07 07:50:15.000000 +00:00,2025-04-22 22:17:28.000000 +00:00
2,214,427,FATHER,false,2,2026-03-27,,2025-11-21 13:49:33.000000 +00:00,2025-11-21 13:49:33.000000 +00:00
2,214,428,MOTHER,true,1,2026-02-08,,2025-10-25 20:42:08.000000 +00:00,2025-10-25 20:42:08.000000 +00:00
2,215,429,FATHER,false,2,2025-11-19,,2025-04-06 08:47:46.000000 +00:00,2025-04-06 08:47:46.000000 +00:00
2,215,430,MOTHER,true,1,2026-01-01,,2025-12-31 21:55:01.000000 +00:00,2025-12-31 21:55:01.000000 +00:00
2,216,431,FATHER,false,2,2025-10-27,,2025-10-26 20:10:23.000000 +00:00,2026-02-19 22:59:34.000000 +00:00
2,216,432,MOTHER,true,1,2025-06-02,,2025-06-02 13:44:09.000000 +00:00,2025-06-02 13:44:09.000000 +00:00
2,217,433,FATHER,false,2,2025-10-12,,2025-10-12 00:33:28.000000 +00:00,2026-01-08 05:55:15.000000 +00:00
2,217,434,MOTHER,true,1,2025-12-26,,2025-12-26 01:17:46.000000 +00:00,2026-03-30 14:39:25.000000 +00:00
2,218,435,FATHER,false,2,2025-12-01,,2025-12-01 10:44:40.000000 +00:00,2025-12-30 00:29:05.000000 +00:00
2,218,436,MOTHER,true,1,2026-01-20,,2026-01-20 10:31:03.000000 +00:00,2026-01-20 10:31:03.000000 +00:00
2,219,437,FATHER,false,2,2025-12-02,,2025-12-01 22:29:37.000000 +00:00,2025-12-01 22:29:37.000000 +00:00
2,219,438,MOTHER,true,1,2025-11-02,,2025-08-03 22:25:15.000000 +00:00,2026-02-03 07:18:55.000000 +00:00
2,220,439,FATHER,false,2,2026-02-26,,2025-03-06 15:40:24.000000 +00:00,2025-12-03 11:53:43.000000 +00:00
2,220,440,MOTHER,true,1,2025-08-24,,2025-08-23 16:43:10.000000 +00:00,2026-03-09 05:34:13.000000 +00:00
2,221,441,FATHER,false,2,2026-01-06,,2026-01-05 19:59:25.000000 +00:00,2026-01-05 19:59:25.000000 +00:00
2,221,442,MOTHER,true,1,2025-12-21,,2025-12-20 15:17:33.000000 +00:00,2026-01-04 23:57:32.000000 +00:00
2,222,443,FATHER,false,2,2025-08-25,,2025-08-25 12:58:36.000000 +00:00,2025-10-13 10:07:49.000000 +00:00
2,222,444,MOTHER,true,1,2025-10-06,,2025-01-25 14:44:23.000000 +00:00,2025-05-28 17:57:26.000000 +00:00
2,223,445,FATHER,false,2,2026-03-11,,2025-01-03 11:55:10.000000 +00:00,2025-06-23 05:07:46.000000 +00:00
2,223,446,MOTHER,true,1,2025-07-07,,2025-03-26 12:35:05.000000 +00:00,2025-04-13 09:14:23.000000 +00:00
2,224,447,FATHER,false,2,2025-09-04,,2025-01-22 06:58:13.000000 +00:00,2025-12-09 10:48:21.000000 +00:00
2,224,448,MOTHER,true,1,2026-02-06,,2026-02-06 00:38:38.000000 +00:00,2026-02-06 00:38:38.000000 +00:00
2,225,449,FATHER,false,2,2026-02-17,,2026-02-17 13:53:03.000000 +00:00,2026-02-17 13:53:03.000000 +00:00
2,225,450,MOTHER,true,1,2025-06-08,,2025-06-07 18:26:11.000000 +00:00,2025-06-07 18:26:11.000000 +00:00
2,226,451,FATHER,false,2,2025-12-19,,2025-12-19 13:10:49.000000 +00:00,2025-12-19 13:10:49.000000 +00:00
2,226,452,MOTHER,true,1,2025-07-18,,2025-03-23 22:55:21.000000 +00:00,2025-03-23 22:55:21.000000 +00:00
2,227,453,FATHER,false,2,2025-10-17,,2025-10-04 12:58:24.000000 +00:00,2025-10-04 12:58:24.000000 +00:00
2,227,454,MOTHER,true,1,2025-09-14,,2025-09-13 22:09:18.000000 +00:00,2026-03-09 19:38:16.000000 +00:00
2,228,455,FATHER,false,2,2026-03-10,,2026-03-10 10:02:44.000000 +00:00,2026-03-10 10:02:44.000000 +00:00
2,228,456,MOTHER,true,1,2025-10-25,,2025-03-21 02:58:06.000000 +00:00,2025-09-21 07:53:29.000000 +00:00
2,229,457,FATHER,false,2,2026-02-19,,2025-03-18 07:24:16.000000 +00:00,2025-12-09 17:49:43.000000 +00:00
2,229,458,MOTHER,true,1,2025-06-30,,2025-06-30 09:04:27.000000 +00:00,2025-08-30 13:10:52.000000 +00:00
2,230,459,FATHER,false,2,2025-04-08,,2025-03-16 04:25:29.000000 +00:00,2025-08-03 20:11:59.000000 +00:00
2,230,460,MOTHER,true,1,2025-03-22,,2025-01-27 13:48:42.000000 +00:00,2026-02-20 16:19:16.000000 +00:00
2,231,461,FATHER,false,2,2026-01-22,,2026-01-21 18:42:48.000000 +00:00,2026-01-21 18:42:48.000000 +00:00
2,231,462,MOTHER,true,1,2025-07-22,,2025-07-22 11:18:55.000000 +00:00,2025-07-22 11:18:55.000000 +00:00
2,232,463,FATHER,false,2,2025-11-14,,2025-11-14 01:04:14.000000 +00:00,2026-01-07 18:56:16.000000 +00:00
2,232,464,MOTHER,true,1,2025-10-11,,2025-10-11 12:04:03.000000 +00:00,2025-10-11 12:04:03.000000 +00:00
2,233,465,FATHER,false,2,2025-07-19,,2025-04-08 13:35:30.000000 +00:00,2025-06-15 12:23:56.000000 +00:00
2,233,466,MOTHER,true,1,2026-01-08,,2026-01-07 15:29:21.000000 +00:00,2026-01-07 15:29:21.000000 +00:00
2,234,467,FATHER,false,2,2025-04-23,,2025-04-22 20:42:07.000000 +00:00,2025-07-13 22:07:02.000000 +00:00
2,234,468,MOTHER,true,1,2026-03-06,,2025-07-12 20:16:26.000000 +00:00,2025-07-24 08:48:52.000000 +00:00
2,235,469,FATHER,false,2,2026-03-27,,2026-03-27 11:26:23.000000 +00:00,2026-03-27 11:26:23.000000 +00:00
2,235,470,MOTHER,true,1,2025-08-21,,2025-01-23 01:05:31.000000 +00:00,2026-01-18 19:20:00.000000 +00:00
2,236,471,FATHER,false,2,2025-10-25,,2025-10-24 21:25:14.000000 +00:00,2025-10-24 21:25:14.000000 +00:00
2,236,472,MOTHER,true,1,2026-02-14,,2026-02-13 20:00:51.000000 +00:00,2026-02-13 20:00:51.000000 +00:00
2,237,473,FATHER,false,2,2026-02-28,,2025-06-05 22:06:54.000000 +00:00,2025-06-05 22:06:54.000000 +00:00
2,237,474,MOTHER,true,1,2026-01-15,,2025-09-13 02:21:43.000000 +00:00,2025-09-13 02:21:43.000000 +00:00
2,238,475,FATHER,false,2,2026-02-24,,2026-02-23 22:38:02.000000 +00:00,2026-02-23 22:38:02.000000 +00:00
2,238,476,MOTHER,true,1,2025-02-23,,2025-02-23 01:02:53.000000 +00:00,2025-12-14 13:19:46.000000 +00:00
2,239,477,FATHER,false,2,2025-07-30,,2025-04-05 10:46:12.000000 +00:00,2025-10-26 22:04:20.000000 +00:00
2,239,478,MOTHER,true,1,2026-02-25,,2026-02-25 09:50:07.000000 +00:00,2026-02-25 09:50:07.000000 +00:00
2,240,479,FATHER,false,2,2025-06-25,,2025-05-18 02:57:20.000000 +00:00,2025-12-20 04:26:51.000000 +00:00
2,240,480,MOTHER,true,1,2025-11-29,,2025-11-28 17:15:09.000000 +00:00,2025-11-28 17:15:09.000000 +00:00
2,241,481,FATHER,false,2,2025-08-29,,2025-05-02 08:15:55.000000 +00:00,2026-03-08 17:24:59.000000 +00:00
2,241,482,MOTHER,true,1,2026-01-13,,2025-12-01 23:52:01.000000 +00:00,2026-02-18 01:42:04.000000 +00:00
2,242,483,FATHER,false,2,2025-07-22,,2025-05-08 03:37:19.000000 +00:00,2025-10-03 07:30:20.000000 +00:00
2,242,484,MOTHER,true,1,2026-03-01,,2026-03-01 05:04:50.000000 +00:00,2026-03-01 05:04:50.000000 +00:00
2,243,485,FATHER,false,2,2025-12-17,,2025-12-17 13:58:29.000000 +00:00,2025-12-17 13:58:29.000000 +00:00
2,243,486,MOTHER,true,1,2025-09-18,,2025-09-17 22:22:45.000000 +00:00,2025-11-16 12:51:26.000000 +00:00
2,244,487,FATHER,false,2,2025-10-01,,2025-06-19 09:25:59.000000 +00:00,2025-12-15 04:23:55.000000 +00:00
2,244,488,MOTHER,true,1,2025-09-06,,2025-09-06 07:25:39.000000 +00:00,2025-12-07 07:47:54.000000 +00:00
2,245,489,FATHER,false,2,2026-03-08,,2026-03-07 22:23:36.000000 +00:00,2026-03-07 22:23:36.000000 +00:00
2,245,490,MOTHER,true,1,2025-01-14,,2025-01-07 11:46:37.000000 +00:00,2025-01-12 05:39:54.000000 +00:00
2,246,491,FATHER,false,2,2025-10-14,,2025-09-07 10:44:39.000000 +00:00,2025-09-07 10:44:39.000000 +00:00
2,246,492,MOTHER,true,1,2025-02-07,,2025-02-07 00:27:06.000000 +00:00,2025-02-07 00:27:06.000000 +00:00
2,247,493,FATHER,false,2,2026-01-17,,2025-08-12 14:11:28.000000 +00:00,2026-01-02 15:59:24.000000 +00:00
2,247,494,MOTHER,true,1,2025-11-16,,2025-11-16 05:33:50.000000 +00:00,2025-11-16 05:33:50.000000 +00:00
2,248,495,FATHER,false,2,2026-02-19,,2026-02-19 03:19:02.000000 +00:00,2026-02-19 03:19:02.000000 +00:00
2,248,496,MOTHER,true,1,2025-12-13,,2025-12-12 16:35:15.000000 +00:00,2025-12-12 16:35:15.000000 +00:00
2,249,497,FATHER,false,2,2025-10-02,,2025-10-01 16:53:54.000000 +00:00,2025-10-01 16:53:54.000000 +00:00
2,249,498,MOTHER,true,1,2026-03-21,,2026-03-20 16:33:10.000000 +00:00,2026-03-20 16:33:10.000000 +00:00
2,250,499,FATHER,false,2,2026-03-10,,2026-03-09 23:09:55.000000 +00:00,2026-03-09 23:09:55.000000 +00:00
2,250,500,MOTHER,true,1,2025-04-15,,2025-01-30 18:34:16.000000 +00:00,2025-01-31 19:55:54.000000 +00:00
2,251,501,FATHER,false,2,2025-03-16,,2025-03-16 04:11:21.000000 +00:00,2025-03-27 20:50:11.000000 +00:00
2,251,502,MOTHER,true,1,2026-03-07,,2025-09-28 14:03:28.000000 +00:00,2025-12-24 19:05:52.000000 +00:00
2,252,503,FATHER,false,2,2025-11-04,,2025-04-27 06:05:35.000000 +00:00,2025-08-31 15:03:45.000000 +00:00
2,252,504,MOTHER,true,1,2025-08-02,,2025-08-01 18:05:37.000000 +00:00,2025-08-01 18:05:37.000000 +00:00
2,253,505,FATHER,false,2,2025-12-21,,2025-12-21 04:06:51.000000 +00:00,2025-12-21 04:06:51.000000 +00:00
2,253,506,MOTHER,true,1,2025-07-31,,2025-04-21 15:13:42.000000 +00:00,2025-04-21 15:13:42.000000 +00:00
2,254,507,FATHER,false,2,2025-05-27,,2025-05-19 06:34:59.000000 +00:00,2025-05-19 06:34:59.000000 +00:00
2,254,508,MOTHER,true,1,2026-03-08,,2026-03-08 05:23:33.000000 +00:00,2026-03-08 05:23:33.000000 +00:00
2,255,509,FATHER,false,2,2025-08-19,,2025-04-25 22:34:00.000000 +00:00,2025-05-25 00:50:25.000000 +00:00
2,255,510,MOTHER,true,1,2025-11-13,,2025-03-24 16:10:25.000000 +00:00,2025-10-11 22:41:42.000000 +00:00
2,256,511,FATHER,false,2,2026-01-17,,2026-01-16 16:54:47.000000 +00:00,2026-03-12 12:20:01.000000 +00:00
2,256,512,MOTHER,true,1,2026-03-15,,2025-10-13 14:36:04.000000 +00:00,2025-12-19 17:20:00.000000 +00:00
2,257,513,FATHER,false,2,2025-10-07,,2025-10-06 21:29:59.000000 +00:00,2025-10-06 21:29:59.000000 +00:00
2,257,514,MOTHER,true,1,2025-07-15,,2025-05-28 14:10:34.000000 +00:00,2025-05-28 14:10:34.000000 +00:00
2,258,515,FATHER,false,2,2025-11-10,,2025-08-11 10:01:14.000000 +00:00,2025-11-27 10:59:10.000000 +00:00
2,258,516,MOTHER,true,1,2025-07-13,,2025-05-22 00:55:26.000000 +00:00,2026-02-27 20:20:33.000000 +00:00
2,259,517,FATHER,false,2,2026-03-27,,2025-04-26 05:02:34.000000 +00:00,2025-09-11 01:13:55.000000 +00:00
2,259,518,MOTHER,true,1,2025-07-22,,2025-07-22 07:35:08.000000 +00:00,2026-01-19 15:43:41.000000 +00:00
2,260,519,FATHER,false,2,2025-11-03,,2025-11-03 03:35:34.000000 +00:00,2025-11-03 03:35:34.000000 +00:00
2,260,520,MOTHER,true,1,2025-11-13,,2025-11-13 06:28:28.000000 +00:00,2025-11-13 06:28:28.000000 +00:00
2,261,521,FATHER,false,2,2025-06-12,,2025-04-26 02:29:54.000000 +00:00,2025-08-13 05:41:39.000000 +00:00
2,261,522,MOTHER,true,1,2025-07-30,,2025-07-29 20:19:52.000000 +00:00,2025-07-29 20:19:52.000000 +00:00
2,262,523,FATHER,false,2,2025-08-22,,2025-01-20 05:03:11.000000 +00:00,2025-12-07 07:04:48.000000 +00:00
2,262,524,MOTHER,true,1,2025-12-01,,2025-12-01 02:49:11.000000 +00:00,2025-12-01 02:49:11.000000 +00:00
2,263,525,FATHER,false,2,2025-06-04,,2025-03-16 19:38:18.000000 +00:00,2025-04-22 01:23:18.000000 +00:00
2,263,526,MOTHER,true,1,2025-11-24,,2025-05-27 01:23:49.000000 +00:00,2025-05-27 01:23:49.000000 +00:00
2,264,527,FATHER,false,2,2025-11-18,,2025-09-04 22:33:20.000000 +00:00,2025-11-07 08:12:53.000000 +00:00
2,264,528,MOTHER,true,1,2026-03-10,,2026-03-10 10:45:52.000000 +00:00,2026-03-10 10:45:52.000000 +00:00
2,265,529,FATHER,false,2,2026-01-15,,2026-01-15 05:12:09.000000 +00:00,2026-01-15 05:12:09.000000 +00:00
2,265,530,MOTHER,true,1,2026-01-16,,2026-01-16 10:27:16.000000 +00:00,2026-01-16 10:27:16.000000 +00:00
2,266,531,FATHER,false,2,2025-12-05,,2025-01-16 11:03:12.000000 +00:00,2025-03-04 16:39:46.000000 +00:00
2,266,532,MOTHER,true,1,2025-07-30,,2025-05-08 07:59:28.000000 +00:00,2025-10-05 12:50:38.000000 +00:00
2,267,533,FATHER,false,2,2025-09-12,,2025-04-20 23:26:51.000000 +00:00,2025-11-05 00:20:08.000000 +00:00
2,267,534,MOTHER,true,1,2026-01-06,,2025-08-10 16:32:44.000000 +00:00,2025-08-10 16:32:44.000000 +00:00
2,268,535,FATHER,false,2,2025-07-12,,2025-07-09 03:26:03.000000 +00:00,2025-07-09 03:26:03.000000 +00:00
2,268,536,MOTHER,true,1,2025-08-12,,2025-01-27 06:29:33.000000 +00:00,2025-12-23 23:11:36.000000 +00:00
2,269,537,FATHER,false,2,2025-10-09,,2025-09-21 03:21:07.000000 +00:00,2026-02-28 13:45:43.000000 +00:00
2,269,538,MOTHER,true,1,2026-01-04,,2026-01-04 05:56:58.000000 +00:00,2026-03-29 01:29:05.000000 +00:00
2,270,539,FATHER,false,2,2025-12-21,,2025-09-16 01:29:47.000000 +00:00,2025-09-19 13:14:12.000000 +00:00
2,270,540,MOTHER,true,1,2026-03-23,,2026-03-22 22:06:34.000000 +00:00,2026-03-22 22:06:34.000000 +00:00
2,271,541,FATHER,false,2,2025-10-13,,2025-10-13 07:12:08.000000 +00:00,2025-10-13 07:12:08.000000 +00:00
2,271,542,MOTHER,true,1,2025-10-26,,2025-09-04 00:47:28.000000 +00:00,2025-11-02 12:13:06.000000 +00:00
2,272,543,FATHER,false,2,2026-03-29,,2026-03-28 19:00:04.000000 +00:00,2026-03-28 19:00:04.000000 +00:00
2,272,544,MOTHER,true,1,2025-12-17,,2025-12-12 15:34:40.000000 +00:00,2025-12-12 15:34:40.000000 +00:00
2,273,545,FATHER,false,2,2026-03-08,,2025-07-04 02:22:37.000000 +00:00,2025-08-21 02:17:41.000000 +00:00
2,273,546,MOTHER,true,1,2025-10-17,,2025-10-16 21:22:05.000000 +00:00,2025-10-16 21:22:05.000000 +00:00
2,274,547,FATHER,false,2,2025-08-02,,2025-08-02 01:00:08.000000 +00:00,2025-08-02 01:00:08.000000 +00:00
2,274,548,MOTHER,true,1,2025-09-18,,2025-07-16 12:12:55.000000 +00:00,2025-10-09 19:38:03.000000 +00:00
2,275,549,FATHER,false,2,2025-10-12,,2025-10-11 17:45:41.000000 +00:00,2025-10-11 17:45:41.000000 +00:00
2,275,550,MOTHER,true,1,2026-02-16,,2025-11-10 08:03:26.000000 +00:00,2025-11-10 08:03:26.000000 +00:00
2,276,551,FATHER,false,2,2025-02-20,,2025-02-20 05:59:35.000000 +00:00,2025-02-20 05:59:35.000000 +00:00
2,276,552,MOTHER,true,1,2025-10-23,,2025-10-23 02:40:13.000000 +00:00,2025-10-23 02:40:13.000000 +00:00
2,277,553,FATHER,false,2,2025-12-20,,2025-04-23 09:39:02.000000 +00:00,2025-05-28 23:43:42.000000 +00:00
2,277,554,MOTHER,true,1,2025-11-21,,2025-06-02 09:11:01.000000 +00:00,2025-12-12 06:55:10.000000 +00:00
2,278,555,FATHER,false,2,2025-09-28,,2025-09-28 02:19:49.000000 +00:00,2025-09-28 02:19:49.000000 +00:00
2,278,556,MOTHER,true,1,2025-12-22,,2025-05-02 09:51:26.000000 +00:00,2025-07-30 04:57:29.000000 +00:00
2,279,557,FATHER,false,2,2025-11-08,,2025-02-03 20:23:09.000000 +00:00,2025-06-04 00:41:30.000000 +00:00
2,279,558,MOTHER,true,1,2025-12-02,,2025-12-02 11:37:42.000000 +00:00,2026-03-02 15:10:02.000000 +00:00
2,280,559,FATHER,false,2,2026-02-18,,2025-08-25 20:42:11.000000 +00:00,2026-01-13 07:03:19.000000 +00:00
2,280,560,MOTHER,true,1,2026-03-17,,2025-08-15 03:06:39.000000 +00:00,2025-08-15 03:06:39.000000 +00:00
3,281,561,FATHER,false,2,2025-08-11,,2025-06-18 14:00:16.000000 +00:00,2025-11-11 15:17:15.000000 +00:00
3,281,562,MOTHER,true,1,2026-03-05,,2026-03-04 16:07:04.000000 +00:00,2026-03-08 16:15:04.000000 +00:00
3,282,563,FATHER,false,2,2025-07-14,,2025-07-14 02:24:18.000000 +00:00,2025-07-14 02:24:18.000000 +00:00
3,282,564,MOTHER,true,1,2025-08-24,,2025-07-11 02:00:04.000000 +00:00,2025-07-11 02:00:04.000000 +00:00
3,283,565,FATHER,false,2,2026-02-13,,2026-02-12 16:21:37.000000 +00:00,2026-02-12 16:21:37.000000 +00:00
3,283,566,MOTHER,true,1,2025-12-19,,2025-02-15 02:24:34.000000 +00:00,2025-03-20 18:44:44.000000 +00:00
3,284,567,FATHER,false,2,2026-02-05,,2025-06-10 12:35:37.000000 +00:00,2025-10-08 04:20:23.000000 +00:00
3,284,568,MOTHER,true,1,2025-09-05,,2025-07-03 01:49:09.000000 +00:00,2025-10-30 14:21:20.000000 +00:00
3,285,569,FATHER,false,2,2025-11-19,,2025-11-18 19:22:03.000000 +00:00,2025-11-18 19:22:03.000000 +00:00
3,285,570,MOTHER,true,1,2026-03-22,,2025-01-17 09:59:46.000000 +00:00,2025-12-06 22:34:30.000000 +00:00
3,286,571,FATHER,false,2,2026-01-07,,2025-07-18 23:58:22.000000 +00:00,2025-08-02 00:27:56.000000 +00:00
3,286,572,MOTHER,true,1,2026-03-09,,2025-10-23 18:26:51.000000 +00:00,2025-10-23 18:26:51.000000 +00:00
3,287,573,FATHER,false,2,2026-01-23,,2026-01-23 03:38:30.000000 +00:00,2026-01-23 03:38:30.000000 +00:00
3,287,574,MOTHER,true,1,2025-11-14,,2025-10-15 12:35:13.000000 +00:00,2025-10-15 12:35:13.000000 +00:00
3,288,575,FATHER,false,2,2026-03-14,,2025-08-19 14:38:10.000000 +00:00,2026-01-15 22:59:55.000000 +00:00
3,288,576,MOTHER,true,1,2025-11-17,,2025-01-04 00:48:37.000000 +00:00,2025-01-06 08:11:04.000000 +00:00
3,289,577,FATHER,false,2,2025-10-13,,2025-10-12 23:21:50.000000 +00:00,2025-10-12 23:21:50.000000 +00:00
3,289,578,MOTHER,true,1,2025-11-22,,2025-07-26 14:06:53.000000 +00:00,2025-07-26 14:06:53.000000 +00:00
3,290,579,FATHER,false,2,2025-10-26,,2025-10-26 01:43:27.000000 +00:00,2025-10-26 01:43:27.000000 +00:00
3,290,580,MOTHER,true,1,2025-09-09,,2025-04-21 08:16:26.000000 +00:00,2026-02-12 02:26:40.000000 +00:00
3,291,581,FATHER,false,2,2025-10-17,,2025-10-17 07:27:29.000000 +00:00,2025-10-17 07:27:29.000000 +00:00
3,291,582,MOTHER,true,1,2025-12-10,,2025-12-10 03:36:38.000000 +00:00,2025-12-10 03:36:38.000000 +00:00
3,292,583,FATHER,false,2,2026-01-04,,2025-06-15 00:09:37.000000 +00:00,2026-03-10 16:46:41.000000 +00:00
3,292,584,MOTHER,true,1,2025-08-31,,2025-08-31 05:04:08.000000 +00:00,2025-08-31 05:04:08.000000 +00:00
3,293,585,FATHER,false,2,2026-01-19,,2025-01-23 11:43:26.000000 +00:00,2025-10-10 12:05:15.000000 +00:00
3,293,586,MOTHER,true,1,2025-10-30,,2025-10-30 03:58:42.000000 +00:00,2025-10-30 03:58:42.000000 +00:00
3,294,587,FATHER,false,2,2025-09-11,,2025-09-10 16:57:34.000000 +00:00,2025-10-17 02:36:11.000000 +00:00
3,294,588,MOTHER,true,1,2025-07-28,,2025-07-27 22:48:49.000000 +00:00,2025-07-27 22:48:49.000000 +00:00
3,295,589,FATHER,false,2,2025-12-06,,2025-12-06 14:10:34.000000 +00:00,2026-03-03 12:40:47.000000 +00:00
3,295,590,MOTHER,true,1,2025-12-27,,2025-12-26 23:25:31.000000 +00:00,2025-12-26 23:25:31.000000 +00:00
3,296,591,FATHER,false,2,2025-10-02,,2025-03-30 13:24:06.000000 +00:00,2025-08-17 20:44:40.000000 +00:00
3,296,592,MOTHER,true,1,2025-11-22,,2025-11-21 15:57:12.000000 +00:00,2025-11-21 15:57:12.000000 +00:00
3,297,593,FATHER,false,2,2025-11-05,,2025-11-05 13:44:15.000000 +00:00,2025-11-05 13:44:15.000000 +00:00
3,297,594,MOTHER,true,1,2026-03-22,,2025-05-18 15:29:30.000000 +00:00,2025-05-18 15:29:30.000000 +00:00
3,298,595,FATHER,false,2,2025-07-02,,2025-07-02 07:26:59.000000 +00:00,2026-01-30 02:19:18.000000 +00:00
3,298,596,MOTHER,true,1,2025-11-22,,2025-08-14 19:36:24.000000 +00:00,2025-08-14 19:36:24.000000 +00:00
3,299,597,FATHER,false,2,2025-09-27,,2025-05-17 07:22:30.000000 +00:00,2025-07-31 21:40:58.000000 +00:00
3,299,598,MOTHER,true,1,2025-09-11,,2025-08-26 16:50:51.000000 +00:00,2025-08-26 16:50:51.000000 +00:00
3,300,599,FATHER,false,2,2026-01-05,,2026-01-05 10:47:47.000000 +00:00,2026-01-05 10:47:47.000000 +00:00
3,300,600,MOTHER,true,1,2025-12-04,,2025-03-28 08:11:48.000000 +00:00,2026-02-02 13:19:18.000000 +00:00
