assignment_id,kindergarten_id,child_id,class_id,start_date,end_date,reason,note,status,created_by_user_id,created_at,updated_at
1,1,1,1,2023-03-01,2026-02-25,,,PENDING,101,2023-03-01 04:49:09.000000 +00:00,2025-04-21 05:51:00.000000 +00:00
2,1,2,1,2023-03-01,2026-02-25,,,PENDING,102,2023-03-01 07:23:56.000000 +00:00,2025-03-13 13:11:37.000000 +00:00
3,1,3,1,2023-03-01,2026-02-25,,,DISABLED,102,2023-03-01 06:49:10.000000 +00:00,2025-11-19 20:08:44.000000 +00:00
4,1,4,1,2023-03-01,2026-02-25,,,PENDING,101,2023-02-28 15:02:20.000000 +00:00,2025-12-30 11:21:44.000000 +00:00
5,1,5,1,2023-03-01,2026-02-25,,,DISABLED,101,2023-02-28 16:38:23.000000 +00:00,2025-05-28 23:05:50.000000 +00:00
6,1,6,1,2023-03-01,2026-02-25,,,PENDING,101,2023-03-01 05:24:36.000000 +00:00,2025-01-11 20:20:00.000000 +00:00
7,1,7,1,2023-03-01,2026-02-25,,,PENDING,102,2023-03-01 05:33:06.000000 +00:00,2025-11-17 01:32:40.000000 +00:00
8,1,8,1,2023-03-01,2026-02-25,,,ACTIVE,102,2023-02-28 16:05:38.000000 +00:00,2026-01-30 16:42:21.000000 +00:00
9,1,9,1,2023-03-01,2026-02-25,,,PENDING,102,2023-02-28 22:16:48.000000 +00:00,2026-01-28 02:00:34.000000 +00:00
10,1,10,1,2023-03-01,2026-02-25,,,PENDING,102,2023-02-28 19:23:35.000000 +00:00,2025-04-22 11:01:27.000000 +00:00
11,1,11,1,2023-03-01,2026-02-25,,,ACTIVE,101,2023-02-28 15:27:30.000000 +00:00,2025-07-13 19:36:39.000000 +00:00
12,1,12,1,2023-03-01,2026-02-25,,,ACTIVE,102,2023-03-01 11:38:22.000000 +00:00,2026-03-03 19:30:05.000000 +00:00
13,1,13,1,2023-03-01,2026-02-25,,,ACTIVE,102,2023-03-01 09:42:14.000000 +00:00,2025-05-04 18:42:40.000000 +00:00
14,1,14,1,2023-03-01,2026-02-25,,,DISABLED,101,2023-03-01 03:44:40.000000 +00:00,2026-03-09 03:25:18.000000 +00:00
15,1,15,1,2023-03-01,2026-02-25,,,PENDING,102,2023-03-01 03:18:18.000000 +00:00,2025-10-30 20:59:56.000000 +00:00
16,1,16,1,2023-03-01,2026-02-25,,,DISABLED,101,2023-02-28 21:57:15.000000 +00:00,2025-04-16 00:42:54.000000 +00:00
17,1,17,1,2023-03-01,2026-02-25,,,DISABLED,102,2023-03-01 06:02:40.000000 +00:00,2025-07-10 09:05:42.000000 +00:00
18,1,18,1,2023-03-01,2026-02-25,,,DISABLED,102,2023-03-01 14:19:11.000000 +00:00,2025-10-17 19:37:48.000000 +00:00
19,1,19,1,2023-03-01,2026-02-25,,,ACTIVE,101,2023-02-28 18:31:53.000000 +00:00,2026-03-24 04:24:33.000000 +00:00
20,1,20,1,2023-03-01,2026-02-25,,,DISABLED,102,2023-03-01 02:52:18.000000 +00:00,2025-05-28 20:56:31.000000 +00:00
21,1,21,2,2023-03-01,2026-02-25,,,PENDING,101,2024-02-29 22:11:21.000000 +00:00,2025-07-09 14:21:08.000000 +00:00
22,1,22,2,2023-03-01,2026-02-25,,,DISABLED,101,2024-02-29 19:51:27.000000 +00:00,2025-07-01 04:51:33.000000 +00:00
23,1,23,2,2023-03-01,2026-02-25,,,ACTIVE,102,2024-03-01 05:28:49.000000 +00:00,2026-01-10 03:14:17.000000 +00:00
24,1,24,2,2023-03-01,2026-02-25,,,PENDING,102,2024-02-29 21:55:28.000000 +00:00,2025-01-12 05:54:01.000000 +00:00
25,1,25,2,2023-03-01,2026-02-25,,,PENDING,102,2024-02-29 22:33:22.000000 +00:00,2025-03-02 02:26:15.000000 +00:00
26,1,26,2,2023-03-01,2026-02-25,,,PENDING,102,2024-02-29 23:51:51.000000 +00:00,2026-03-12 22:21:28.000000 +00:00
27,1,27,2,2023-03-01,2026-02-25,,,PENDING,101,2024-02-29 21:54:21.000000 +00:00,2025-07-15 16:00:51.000000 +00:00
28,1,28,2,2023-03-01,2026-02-25,,,PENDING,101,2024-03-01 14:28:44.000000 +00:00,2025-08-19 09:32:38.000000 +00:00
29,1,29,2,2023-03-01,2026-02-25,,,ACTIVE,101,2024-03-01 11:59:40.000000 +00:00,2025-04-28 17:12:17.000000 +00:00
30,1,30,2,2023-03-01,2026-02-25,,,ACTIVE,101,2024-03-01 09:48:07.000000 +00:00,2025-08-23 21:06:05.000000 +00:00
31,1,31,2,2023-03-01,2026-02-25,,,DISABLED,102,2024-03-01 11:38:17.000000 +00:00,2026-03-07 16:30:58.000000 +00:00
32,1,32,2,2023-03-01,2026-02-25,,,ACTIVE,101,2024-03-01 05:42:43.000000 +00:00,2025-10-28 21:34:41.000000 +00:00
33,1,33,2,2023-03-01,2026-02-25,,,ACTIVE,102,2024-03-01 01:03:22.000000 +00:00,2025-06-28 10:25:29.000000 +00:00
34,1,34,2,2023-03-01,2026-02-25,,,ACTIVE,101,2024-03-01 02:03:04.000000 +00:00,2026-01-03 09:51:10.000000 +00:00
35,1,35,2,2023-03-01,2026-02-25,,,PENDING,102,2024-02-29 17:09:05.000000 +00:00,2025-12-16 17:30:51.000000 +00:00
36,1,36,2,2023-03-01,2026-02-25,,,DISABLED,101,2024-02-29 19:14:15.000000 +00:00,2026-01-09 15:28:07.000000 +00:00
37,1,37,2,2023-03-01,2026-02-25,,,DISABLED,101,2024-02-29 19:37:44.000000 +00:00,2025-03-09 05:59:19.000000 +00:00
38,1,38,2,2023-03-01,2026-02-25,,,PENDING,102,2024-02-29 17:58:30.000000 +00:00,2025-11-09 00:24:27.000000 +00:00
39,1,39,2,2023-03-01,2026-02-25,,,DISABLED,102,2024-02-29 23:47:16.000000 +00:00,2025-05-05 03:09:31.000000 +00:00
40,2,197,10,2024-03-01,2027-02-25,,,PENDING,402,2024-03-01 13:21:08.000000 +00:00,2025-05-01 21:25:43.000000 +00:00
41,1,40,2,2023-03-01,2026-02-25,,,DISABLED,102,2024-03-01 09:37:05.000000 +00:00,2026-01-24 13:01:45.000000 +00:00
42,1,41,3,2024-03-01,2027-02-25,,,PENDING,101,2024-02-29 22:28:40.000000 +00:00,2025-09-23 18:50:33.000000 +00:00
43,1,42,3,2024-03-01,2027-02-25,,,ACTIVE,102,2024-03-01 07:19:48.000000 +00:00,2026-03-06 13:10:08.000000 +00:00
44,1,43,3,2024-03-01,2027-02-25,,,DISABLED,101,2024-02-29 23:51:54.000000 +00:00,2026-01-01 00:42:45.000000 +00:00
45,1,44,3,2024-03-01,2027-02-25,,,ACTIVE,102,2024-02-29 22:11:27.000000 +00:00,2026-01-21 12:53:48.000000 +00:00
46,1,45,3,2024-03-01,2027-02-25,,,PENDING,101,2024-03-01 03:19:59.000000 +00:00,2025-05-22 19:27:01.000000 +00:00
47,1,46,3,2024-03-01,2027-02-25,,,PENDING,101,2024-03-01 08:24:09.000000 +00:00,2025-10-24 03:22:14.000000 +00:00
48,1,47,3,2024-03-01,2027-02-25,,,PENDING,102,2024-02-29 21:51:07.000000 +00:00,2025-04-17 07:19:25.000000 +00:00
49,1,48,3,2024-03-01,2027-02-25,,,ACTIVE,101,2024-02-29 23:56:09.000000 +00:00,2025-08-24 05:34:48.000000 +00:00
50,1,49,3,2024-03-01,2027-02-25,,,DISABLED,102,2024-03-01 09:26:21.000000 +00:00,2025-08-24 22:28:59.000000 +00:00
51,1,50,3,2024-03-01,2027-02-25,,,DISABLED,102,2024-02-29 20:40:39.000000 +00:00,2025-12-26 08:02:33.000000 +00:00
52,1,51,3,2024-03-01,2027-02-25,,,ACTIVE,101,2024-03-01 07:03:39.000000 +00:00,2025-04-13 12:15:00.000000 +00:00
53,1,52,3,2024-03-01,2027-02-25,,,PENDING,102,2024-03-01 01:17:57.000000 +00:00,2025-07-05 11:11:59.000000 +00:00
54,1,53,3,2024-03-01,2027-02-25,,,ACTIVE,102,2024-02-29 20:37:48.000000 +00:00,2025-07-07 09:10:35.000000 +00:00
55,1,54,3,2024-03-01,2027-02-25,,,PENDING,102,2024-02-29 21:49:17.000000 +00:00,2025-05-26 16:08:05.000000 +00:00
56,1,55,3,2024-03-01,2027-02-25,,,ACTIVE,102,2024-03-01 13:55:12.000000 +00:00,2025-05-16 16:32:00.000000 +00:00
57,1,56,3,2024-03-01,2027-02-25,,,PENDING,102,2024-03-01 08:21:41.000000 +00:00,2026-01-17 09:27:45.000000 +00:00
58,1,57,3,2024-03-01,2027-02-25,,,DISABLED,101,2024-03-01 10:52:50.000000 +00:00,2026-02-03 16:56:13.000000 +00:00
59,1,58,3,2024-03-01,2027-02-25,,,ACTIVE,102,2024-03-01 14:15:36.000000 +00:00,2025-08-06 04:45:05.000000 +00:00
60,1,59,3,2024-03-01,2027-02-25,,,DISABLED,101,2024-03-01 01:20:37.000000 +00:00,2025-06-15 13:52:23.000000 +00:00
61,1,60,3,2024-03-01,2027-02-25,,,DISABLED,101,2024-03-01 00:12:30.000000 +00:00,2025-06-14 02:26:39.000000 +00:00
62,1,61,4,2024-03-01,2027-02-25,,,DISABLED,102,2024-02-29 21:39:18.000000 +00:00,2025-01-05 19:37:51.000000 +00:00
63,1,62,4,2024-03-01,2027-02-25,,,DISABLED,101,2024-02-29 16:13:47.000000 +00:00,2025-05-21 10:56:13.000000 +00:00
64,1,63,4,2024-03-01,2027-02-25,,,ACTIVE,102,2024-03-01 05:05:43.000000 +00:00,2025-01-09 12:02:46.000000 +00:00
65,1,64,4,2024-03-01,2027-02-25,,,ACTIVE,101,2024-03-01 02:43:15.000000 +00:00,2025-08-04 14:49:51.000000 +00:00
66,1,65,4,2024-03-01,2027-02-25,,,PENDING,101,2024-03-01 10:50:40.000000 +00:00,2026-02-23 20:33:43.000000 +00:00
67,1,66,4,2024-03-01,2027-02-25,,,ACTIVE,102,2024-03-01 00:48:29.000000 +00:00,2025-01-10 14:29:08.000000 +00:00
68,1,67,4,2024-03-01,2027-02-25,,,PENDING,101,2024-03-01 01:45:01.000000 +00:00,2025-01-25 07:50:01.000000 +00:00
69,1,68,4,2024-03-01,2027-02-25,,,ACTIVE,102,2024-03-01 11:04:46.000000 +00:00,2025-07-07 08:04:18.000000 +00:00
70,1,69,4,2024-03-01,2027-02-25,,,DISABLED,101,2024-03-01 05:11:35.000000 +00:00,2025-09-20 14:15:58.000000 +00:00
71,1,70,4,2024-03-01,2027-02-25,,,DISABLED,102,2024-03-01 06:02:59.000000 +00:00,2025-02-28 06:55:51.000000 +00:00
72,1,71,4,2024-03-01,2027-02-25,,,PENDING,101,2024-02-29 23:03:28.000000 +00:00,2025-11-08 12:44:00.000000 +00:00
73,1,72,4,2024-03-01,2027-02-25,,,DISABLED,101,2024-02-29 15:17:26.000000 +00:00,2025-05-26 18:59:00.000000 +00:00
74,1,73,4,2024-03-01,2027-02-25,,,PENDING,101,2024-03-01 11:30:46.000000 +00:00,2025-03-03 13:05:58.000000 +00:00
75,1,74,4,2024-03-01,2027-02-25,,,ACTIVE,101,2024-02-29 18:28:54.000000 +00:00,2025-03-19 12:52:42.000000 +00:00
76,1,75,4,2024-03-01,2027-02-25,,,PENDING,101,2024-03-01 09:39:00.000000 +00:00,2026-03-01 00:32:28.000000 +00:00
77,1,76,4,2024-03-01,2027-02-25,,,PENDING,102,2024-03-01 09:41:25.000000 +00:00,2025-06-26 17:51:27.000000 +00:00
78,1,77,4,2024-03-01,2027-02-25,,,ACTIVE,101,2024-03-01 14:01:03.000000 +00:00,2026-03-17 13:45:40.000000 +00:00
79,1,78,4,2024-03-01,2027-02-25,,,ACTIVE,102,2024-02-29 21:14:20.000000 +00:00,2025-08-30 06:10:49.000000 +00:00
80,1,79,4,2024-03-01,2027-02-25,,,DISABLED,102,2024-03-01 02:05:02.000000 +00:00,2025-04-19 18:06:55.000000 +00:00
81,1,80,4,2024-03-01,2027-02-25,,,ACTIVE,102,2024-03-01 08:12:50.000000 +00:00,2025-05-08 05:30:34.000000 +00:00
82,1,81,5,2025-03-01,2028-02-25,,,ACTIVE,101,2025-03-01 09:39:55.000000 +00:00,2025-08-27 08:11:38.000000 +00:00
83,1,82,5,2025-03-01,2028-02-25,,,ACTIVE,102,2025-03-01 03:29:45.000000 +00:00,2026-02-26 15:34:22.000000 +00:00
84,1,83,5,2025-03-01,2028-02-25,,,DISABLED,101,2025-02-28 19:46:17.000000 +00:00,2025-08-01 08:58:28.000000 +00:00
85,1,84,5,2025-03-01,2028-02-25,,,PENDING,101,2025-03-01 11:36:38.000000 +00:00,2025-09-14 05:57:48.000000 +00:00
86,1,85,5,2025-03-01,2028-02-25,,,DISABLED,102,2025-03-01 12:05:03.000000 +00:00,2025-06-01 16:36:17.000000 +00:00
87,1,86,5,2025-03-01,2028-02-25,,,ACTIVE,101,2025-03-01 02:48:35.000000 +00:00,2025-03-01 02:48:35.000000 +00:00
88,1,87,5,2025-03-01,2028-02-25,,,DISABLED,101,2025-03-01 05:12:55.000000 +00:00,2025-07-20 06:07:19.000000 +00:00
89,1,88,5,2025-03-01,2028-02-25,,,DISABLED,101,2025-03-01 10:35:10.000000 +00:00,2026-03-30 09:50:42.000000 +00:00
90,1,89,5,2025-03-01,2028-02-25,,,DISABLED,101,2025-03-01 04:48:46.000000 +00:00,2025-08-23 13:04:54.000000 +00:00
91,1,90,5,2025-03-01,2028-02-25,,,PENDING,101,2025-02-28 20:01:09.000000 +00:00,2026-02-08 08:59:00.000000 +00:00
92,1,91,5,2025-03-01,2028-02-25,,,DISABLED,102,2025-02-28 17:24:44.000000 +00:00,2025-02-28 17:24:44.000000 +00:00
93,1,92,5,2025-03-01,2028-02-25,,,DISABLED,102,2025-03-01 02:55:24.000000 +00:00,2026-03-30 01:31:03.000000 +00:00
94,1,93,5,2025-03-01,2028-02-25,,,PENDING,102,2025-02-28 19:10:30.000000 +00:00,2025-06-28 13:28:18.000000 +00:00
95,1,94,5,2025-03-01,2028-02-25,,,ACTIVE,101,2025-02-28 21:25:02.000000 +00:00,2026-03-13 13:26:22.000000 +00:00
96,1,95,5,2025-03-01,2028-02-25,,,ACTIVE,101,2025-02-28 18:39:36.000000 +00:00,2025-03-03 07:29:59.000000 +00:00
97,1,96,5,2025-03-01,2028-02-25,,,PENDING,102,2025-02-28 19:32:49.000000 +00:00,2025-04-04 22:49:59.000000 +00:00
98,1,97,5,2025-03-01,2028-02-25,,,DISABLED,101,2025-03-01 12:29:16.000000 +00:00,2025-07-05 03:32:44.000000 +00:00
99,1,98,5,2025-03-01,2028-02-25,,,ACTIVE,102,2025-03-01 08:36:25.000000 +00:00,2025-10-13 12:08:23.000000 +00:00
100,1,99,5,2025-03-01,2028-02-25,,,DISABLED,101,2025-02-28 23:57:40.000000 +00:00,2025-03-16 05:45:39.000000 +00:00
101,1,100,5,2025-03-01,2028-02-25,,,ACTIVE,102,2025-03-01 03:01:12.000000 +00:00,2025-03-01 03:01:12.000000 +00:00
102,1,101,6,2025-03-01,2028-02-25,,,DISABLED,102,2025-03-01 03:26:20.000000 +00:00,2025-12-01 23:29:13.000000 +00:00
103,1,102,6,2025-03-01,2028-02-25,,,DISABLED,101,2025-03-01 13:56:33.000000 +00:00,2026-02-18 00:24:32.000000 +00:00
104,1,103,6,2025-03-01,2028-02-25,,,PENDING,102,2025-02-28 22:04:24.000000 +00:00,2025-07-04 14:58:08.000000 +00:00
105,1,104,6,2025-03-01,2028-02-25,,,DISABLED,101,2025-03-01 05:19:10.000000 +00:00,2025-08-11 21:49:26.000000 +00:00
106,1,105,6,2025-03-01,2028-02-25,,,PENDING,102,2025-03-01 09:35:51.000000 +00:00,2025-05-09 02:14:13.000000 +00:00
107,1,106,6,2025-03-01,2028-02-25,,,PENDING,102,2025-03-01 07:41:56.000000 +00:00,2026-02-08 00:46:19.000000 +00:00
108,1,107,6,2025-03-01,2028-02-25,,,PENDING,101,2025-03-01 07:52:18.000000 +00:00,2025-03-01 07:52:18.000000 +00:00
109,1,108,6,2025-03-01,2028-02-25,,,PENDING,101,2025-02-28 17:12:46.000000 +00:00,2025-07-01 06:30:02.000000 +00:00
110,1,109,6,2025-03-01,2028-02-25,,,DISABLED,101,2025-03-01 03:52:44.000000 +00:00,2025-12-09 02:11:27.000000 +00:00
111,1,110,6,2025-03-01,2028-02-25,,,DISABLED,101,2025-02-28 15:28:18.000000 +00:00,2025-11-04 09:10:04.000000 +00:00
112,1,111,6,2025-03-01,2028-02-25,,,PENDING,102,2025-03-01 05:52:04.000000 +00:00,2025-12-29 18:09:40.000000 +00:00
113,1,112,6,2025-03-01,2028-02-25,,,DISABLED,102,2025-03-01 02:42:31.000000 +00:00,2025-10-09 04:20:24.000000 +00:00
114,1,113,6,2025-03-01,2028-02-25,,,DISABLED,102,2025-03-01 02:30:53.000000 +00:00,2025-09-20 10:19:00.000000 +00:00
115,1,114,6,2025-03-01,2028-02-25,,,ACTIVE,101,2025-02-28 19:53:42.000000 +00:00,2025-02-28 19:53:42.000000 +00:00
116,1,115,6,2025-03-01,2028-02-25,,,PENDING,101,2025-03-01 01:54:09.000000 +00:00,2025-11-16 06:15:09.000000 +00:00
117,1,116,6,2025-03-01,2028-02-25,,,DISABLED,102,2025-02-28 16:59:43.000000 +00:00,2025-11-04 11:59:21.000000 +00:00
118,1,117,6,2025-03-01,2028-02-25,,,ACTIVE,101,2025-03-01 14:28:20.000000 +00:00,2025-12-22 22:24:10.000000 +00:00
119,1,118,6,2025-03-01,2028-02-25,,,DISABLED,102,2025-03-01 03:21:06.000000 +00:00,2025-03-01 03:21:06.000000 +00:00
120,1,119,6,2025-03-01,2028-02-25,,,DISABLED,102,2025-02-28 21:15:45.000000 +00:00,2025-06-19 20:37:44.000000 +00:00
121,1,120,6,2025-03-01,2028-02-25,,,PENDING,101,2025-02-28 15:29:15.000000 +00:00,2025-06-30 07:38:51.000000 +00:00
122,1,121,7,2025-03-01,2028-02-25,,,DISABLED,102,2023-03-01 01:38:47.000000 +00:00,2025-02-19 20:43:49.000000 +00:00
123,1,122,7,2025-03-01,2028-02-25,,,PENDING,102,2023-02-28 22:01:22.000000 +00:00,2026-03-14 02:57:40.000000 +00:00
124,1,123,7,2025-03-01,2028-02-25,,,PENDING,101,2023-02-28 23:20:12.000000 +00:00,2025-12-04 21:49:39.000000 +00:00
125,1,124,7,2025-03-01,2028-02-25,,,DISABLED,102,2023-03-01 10:56:02.000000 +00:00,2025-12-24 22:24:10.000000 +00:00
126,1,125,7,2025-03-01,2028-02-25,,,ACTIVE,101,2023-03-01 04:41:35.000000 +00:00,2025-11-01 00:11:06.000000 +00:00
127,1,126,7,2025-03-01,2028-02-25,,,ACTIVE,102,2023-02-28 20:15:18.000000 +00:00,2025-06-16 16:18:57.000000 +00:00
128,1,127,7,2025-03-01,2028-02-25,,,PENDING,102,2023-02-28 19:00:44.000000 +00:00,2025-07-28 16:37:04.000000 +00:00
129,1,128,7,2025-03-01,2028-02-25,,,DISABLED,101,2023-03-01 03:33:38.000000 +00:00,2025-05-29 12:22:24.000000 +00:00
130,1,129,7,2025-03-01,2028-02-25,,,DISABLED,102,2023-03-01 12:53:59.000000 +00:00,2025-08-02 23:10:06.000000 +00:00
131,1,130,7,2025-03-01,2028-02-25,,,PENDING,101,2023-02-28 23:40:54.000000 +00:00,2026-01-26 00:12:34.000000 +00:00
132,1,131,7,2025-03-01,2028-02-25,,,PENDING,102,2023-02-28 23:06:07.000000 +00:00,2025-11-19 05:06:15.000000 +00:00
133,1,132,7,2025-03-01,2028-02-25,,,DISABLED,101,2023-03-01 06:38:34.000000 +00:00,2026-01-10 18:56:20.000000 +00:00
134,1,133,7,2025-03-01,2028-02-25,,,ACTIVE,102,2023-03-01 03:04:05.000000 +00:00,2025-07-20 07:42:27.000000 +00:00
135,1,134,7,2025-03-01,2028-02-25,,,DISABLED,102,2023-03-01 04:06:06.000000 +00:00,2025-03-14 12:07:26.000000 +00:00
136,1,135,7,2025-03-01,2028-02-25,,,ACTIVE,101,2023-03-01 08:51:10.000000 +00:00,2025-08-19 14:58:53.000000 +00:00
137,1,136,7,2025-03-01,2028-02-25,,,DISABLED,102,2023-02-28 23:34:09.000000 +00:00,2025-07-25 10:52:22.000000 +00:00
138,1,137,7,2025-03-01,2028-02-25,,,ACTIVE,101,2023-02-28 18:07:39.000000 +00:00,2025-01-28 16:00:33.000000 +00:00
139,1,138,7,2025-03-01,2028-02-25,,,DISABLED,102,2023-02-28 20:13:58.000000 +00:00,2025-03-14 17:30:44.000000 +00:00
140,1,139,7,2025-03-01,2028-02-25,,,PENDING,102,2023-03-01 14:03:16.000000 +00:00,2025-03-02 06:07:18.000000 +00:00
141,1,140,7,2025-03-01,2028-02-25,,,PENDING,101,2023-02-28 16:03:01.000000 +00:00,2025-11-10 00:22:53.000000 +00:00
142,2,141,8,2023-03-01,2026-02-25,,,PENDING,402,2023-03-01 08:41:03.000000 +00:00,2025-01-27 18:06:13.000000 +00:00
143,2,142,8,2023-03-01,2026-02-25,,,ACTIVE,401,2023-03-01 05:51:05.000000 +00:00,2025-04-21 09:57:38.000000 +00:00
144,2,143,8,2023-03-01,2026-02-25,,,PENDING,402,2023-02-28 21:35:00.000000 +00:00,2025-07-10 06:20:48.000000 +00:00
145,2,144,8,2023-03-01,2026-02-25,,,ACTIVE,402,2023-02-28 17:17:23.000000 +00:00,2025-12-05 00:39:09.000000 +00:00
146,2,145,8,2023-03-01,2026-02-25,,,DISABLED,401,2023-03-01 06:55:07.000000 +00:00,2026-01-02 17:07:51.000000 +00:00
147,2,146,8,2023-03-01,2026-02-25,,,PENDING,401,2023-03-01 00:52:34.000000 +00:00,2025-03-23 15:24:01.000000 +00:00
148,2,147,8,2023-03-01,2026-02-25,,,ACTIVE,401,2023-03-01 11:11:27.000000 +00:00,2026-03-18 16:40:26.000000 +00:00
149,2,148,8,2023-03-01,2026-02-25,,,PENDING,402,2023-03-01 04:13:57.000000 +00:00,2025-08-27 05:02:21.000000 +00:00
150,2,149,8,2023-03-01,2026-02-25,,,ACTIVE,401,2023-03-01 11:04:15.000000 +00:00,2025-02-13 18:39:30.000000 +00:00
151,2,150,8,2023-03-01,2026-02-25,,,PENDING,402,2023-02-28 22:02:54.000000 +00:00,2026-03-13 11:27:25.000000 +00:00
152,2,151,8,2023-03-01,2026-02-25,,,DISABLED,402,2023-03-01 13:49:27.000000 +00:00,2025-05-23 04:05:18.000000 +00:00
153,2,152,8,2023-03-01,2026-02-25,,,ACTIVE,402,2023-03-01 06:02:38.000000 +00:00,2025-08-10 04:17:10.000000 +00:00
154,2,153,8,2023-03-01,2026-02-25,,,PENDING,401,2023-02-28 18:21:15.000000 +00:00,2025-07-06 23:02:09.000000 +00:00
155,2,154,8,2023-03-01,2026-02-25,,,ACTIVE,402,2023-03-01 01:49:38.000000 +00:00,2026-02-05 23:51:02.000000 +00:00
156,2,155,8,2023-03-01,2026-02-25,,,DISABLED,401,2023-02-28 19:18:23.000000 +00:00,2025-05-17 17:53:02.000000 +00:00
157,2,156,8,2023-03-01,2026-02-25,,,ACTIVE,401,2023-03-01 03:59:48.000000 +00:00,2026-03-19 06:26:21.000000 +00:00
158,2,157,8,2023-03-01,2026-02-25,,,DISABLED,401,2023-03-01 01:45:53.000000 +00:00,2025-03-19 04:54:10.000000 +00:00
159,2,158,8,2023-03-01,2026-02-25,,,DISABLED,402,2023-02-28 19:55:00.000000 +00:00,2025-03-26 09:01:40.000000 +00:00
160,2,159,8,2023-03-01,2026-02-25,,,ACTIVE,401,2023-02-28 17:19:30.000000 +00:00,2025-04-29 20:19:30.000000 +00:00
161,2,160,8,2023-03-01,2026-02-25,,,PENDING,402,2023-02-28 17:15:48.000000 +00:00,2025-11-21 11:50:41.000000 +00:00
162,2,161,9,2023-03-01,2026-02-25,,,ACTIVE,402,2024-03-01 00:25:25.000000 +00:00,2026-01-08 00:54:09.000000 +00:00
163,2,162,9,2023-03-01,2026-02-25,,,DISABLED,402,2024-02-29 17:18:51.000000 +00:00,2025-11-12 18:10:36.000000 +00:00
164,2,163,9,2023-03-01,2026-02-25,,,PENDING,402,2024-03-01 13:07:44.000000 +00:00,2025-12-29 21:34:23.000000 +00:00
165,2,164,9,2023-03-01,2026-02-25,,,DISABLED,401,2024-03-01 09:29:03.000000 +00:00,2025-01-12 09:23:23.000000 +00:00
166,2,165,9,2023-03-01,2026-02-25,,,DISABLED,402,2024-03-01 09:07:25.000000 +00:00,2025-02-26 17:51:04.000000 +00:00
167,2,166,9,2023-03-01,2026-02-25,,,DISABLED,401,2024-03-01 11:54:37.000000 +00:00,2025-07-28 11:20:47.000000 +00:00
168,2,167,9,2023-03-01,2026-02-25,,,PENDING,402,2024-03-01 02:51:45.000000 +00:00,2025-12-08 23:44:55.000000 +00:00
169,2,168,9,2023-03-01,2026-02-25,,,DISABLED,401,2024-03-01 14:22:28.000000 +00:00,2025-10-08 02:14:04.000000 +00:00
170,2,169,9,2023-03-01,2026-02-25,,,ACTIVE,401,2024-03-01 02:01:19.000000 +00:00,2026-01-08 18:27:44.000000 +00:00
171,2,170,9,2023-03-01,2026-02-25,,,PENDING,401,2024-03-01 03:27:24.000000 +00:00,2025-08-12 20:49:34.000000 +00:00
172,2,171,9,2023-03-01,2026-02-25,,,ACTIVE,401,2024-02-29 22:08:13.000000 +00:00,2025-07-16 22:38:39.000000 +00:00
173,2,172,9,2023-03-01,2026-02-25,,,ACTIVE,402,2024-03-01 12:17:21.000000 +00:00,2025-10-09 21:46:03.000000 +00:00
174,2,173,9,2023-03-01,2026-02-25,,,ACTIVE,402,2024-03-01 11:46:58.000000 +00:00,2025-05-16 07:42:21.000000 +00:00
175,2,174,9,2023-03-01,2026-02-25,,,ACTIVE,402,2024-02-29 18:06:17.000000 +00:00,2025-09-23 06:57:13.000000 +00:00
176,2,175,9,2023-03-01,2026-02-25,,,DISABLED,402,2024-03-01 07:09:53.000000 +00:00,2025-01-28 20:27:38.000000 +00:00
177,2,176,9,2023-03-01,2026-02-25,,,PENDING,402,2024-03-01 09:53:34.000000 +00:00,2025-08-14 06:53:41.000000 +00:00
178,2,177,9,2023-03-01,2026-02-25,,,ACTIVE,402,2024-03-01 10:37:53.000000 +00:00,2025-05-21 21:08:37.000000 +00:00
179,2,178,9,2023-03-01,2026-02-25,,,ACTIVE,402,2024-03-01 10:31:02.000000 +00:00,2025-07-25 19:37:55.000000 +00:00
180,2,179,9,2023-03-01,2026-02-25,,,DISABLED,401,2024-03-01 11:40:37.000000 +00:00,2025-12-05 10:04:27.000000 +00:00
181,2,180,9,2023-03-01,2026-02-25,,,DISABLED,402,2024-02-29 17:07:19.000000 +00:00,2025-06-11 06:15:28.000000 +00:00
182,2,181,10,2024-03-01,2027-02-25,,,PENDING,402,2024-02-29 22:05:57.000000 +00:00,2026-03-08 06:49:44.000000 +00:00
183,2,182,10,2024-03-01,2027-02-25,,,ACTIVE,402,2024-02-29 21:07:30.000000 +00:00,2025-08-14 13:16:05.000000 +00:00
184,2,183,10,2024-03-01,2027-02-25,,,DISABLED,402,2024-03-01 00:53:44.000000 +00:00,2025-09-23 23:30:32.000000 +00:00
185,2,184,10,2024-03-01,2027-02-25,,,PENDING,401,2024-03-01 06:09:45.000000 +00:00,2026-02-02 09:35:25.000000 +00:00
186,2,185,10,2024-03-01,2027-02-25,,,PENDING,401,2024-03-01 11:15:17.000000 +00:00,2026-03-12 01:33:30.000000 +00:00
187,2,186,10,2024-03-01,2027-02-25,,,ACTIVE,401,2024-03-01 00:37:14.000000 +00:00,2025-01-06 13:03:00.000000 +00:00
188,2,187,10,2024-03-01,2027-02-25,,,ACTIVE,401,2024-03-01 07:20:58.000000 +00:00,2025-11-21 20:36:49.000000 +00:00
189,2,188,10,2024-03-01,2027-02-25,,,DISABLED,402,2024-03-01 06:41:26.000000 +00:00,2026-01-08 21:33:09.000000 +00:00
190,2,189,10,2024-03-01,2027-02-25,,,ACTIVE,402,2024-02-29 15:17:06.000000 +00:00,2025-01-10 07:50:55.000000 +00:00
191,2,190,10,2024-03-01,2027-02-25,,,PENDING,402,2024-02-29 15:14:49.000000 +00:00,2025-02-02 06:38:23.000000 +00:00
192,2,191,10,2024-03-01,2027-02-25,,,PENDING,402,2024-02-29 20:39:26.000000 +00:00,2025-12-03 06:03:24.000000 +00:00
193,2,192,10,2024-03-01,2027-02-25,,,DISABLED,401,2024-03-01 03:21:39.000000 +00:00,2025-06-30 14:21:59.000000 +00:00
194,2,193,10,2024-03-01,2027-02-25,,,ACTIVE,402,2024-02-29 20:49:04.000000 +00:00,2025-04-19 22:45:29.000000 +00:00
195,2,194,10,2024-03-01,2027-02-25,,,ACTIVE,401,2024-02-29 21:17:40.000000 +00:00,2025-05-07 15:54:22.000000 +00:00
196,2,195,10,2024-03-01,2027-02-25,,,PENDING,402,2024-03-01 12:18:58.000000 +00:00,2025-08-12 15:16:41.000000 +00:00
197,2,196,10,2024-03-01,2027-02-25,,,PENDING,402,2024-03-01 09:24:45.000000 +00:00,2025-09-05 17:05:14.000000 +00:00
198,2,198,10,2024-03-01,2027-02-25,,,ACTIVE,401,2024-02-29 16:49:42.000000 +00:00,2025-02-14 22:58:26.000000 +00:00
199,2,199,10,2024-03-01,2027-02-25,,,DISABLED,402,2024-02-29 22:42:42.000000 +00:00,2025-06-24 21:25:11.000000 +00:00
200,2,200,10,2024-03-01,2027-02-25,,,DISABLED,401,2024-03-01 12:23:08.000000 +00:00,2025-12-29 07:41:08.000000 +00:00
201,2,201,11,2024-03-01,2027-02-25,,,PENDING,402,2024-03-01 10:09:37.000000 +00:00,2025-10-30 05:20:06.000000 +00:00
202,2,202,11,2024-03-01,2027-02-25,,,ACTIVE,402,2024-02-29 17:25:13.000000 +00:00,2025-02-01 11:23:54.000000 +00:00
203,2,203,11,2024-03-01,2027-02-25,,,DISABLED,402,2024-03-01 01:48:41.000000 +00:00,2025-08-02 01:22:15.000000 +00:00
204,2,204,11,2024-03-01,2027-02-25,,,DISABLED,402,2024-03-01 05:47:05.000000 +00:00,2026-01-20 13:02:45.000000 +00:00
205,2,205,11,2024-03-01,2027-02-25,,,ACTIVE,401,2024-02-29 23:59:35.000000 +00:00,2025-05-04 23:21:22.000000 +00:00
206,2,206,11,2024-03-01,2027-02-25,,,ACTIVE,401,2024-03-01 00:58:53.000000 +00:00,2026-02-02 23:56:49.000000 +00:00
207,2,207,11,2024-03-01,2027-02-25,,,PENDING,402,2024-02-29 18:15:35.000000 +00:00,2025-08-07 04:48:23.000000 +00:00
208,2,208,11,2024-03-01,2027-02-25,,,PENDING,402,2024-03-01 04:19:00.000000 +00:00,2025-11-03 11:42:16.000000 +00:00
209,2,209,11,2024-03-01,2027-02-25,,,DISABLED,401,2024-02-29 17:50:10.000000 +00:00,2025-11-22 23:10:51.000000 +00:00
210,2,210,11,2024-03-01,2027-02-25,,,PENDING,402,2024-02-29 16:27:16.000000 +00:00,2026-01-28 21:02:42.000000 +00:00
211,2,211,11,2024-03-01,2027-02-25,,,PENDING,402,2024-02-29 23:08:35.000000 +00:00,2025-06-07 21:01:03.000000 +00:00
212,2,212,11,2024-03-01,2027-02-25,,,PENDING,401,2024-03-01 04:19:55.000000 +00:00,2025-01-19 07:09:44.000000 +00:00
213,2,213,11,2024-03-01,2027-02-25,,,ACTIVE,402,2024-03-01 13:33:08.000000 +00:00,2025-12-11 10:02:17.000000 +00:00
214,2,214,11,2024-03-01,2027-02-25,,,ACTIVE,402,2024-02-29 19:54:45.000000 +00:00,2026-03-07 09:22:20.000000 +00:00
215,2,215,11,2024-03-01,2027-02-25,,,ACTIVE,402,2024-03-01 14:41:42.000000 +00:00,2026-02-17 22:25:03.000000 +00:00
216,2,216,11,2024-03-01,2027-02-25,,,DISABLED,402,2024-02-29 16:57:04.000000 +00:00,2025-12-19 06:50:14.000000 +00:00
217,2,217,11,2024-03-01,2027-02-25,,,DISABLED,401,2024-02-29 23:11:37.000000 +00:00,2026-01-30 22:26:02.000000 +00:00
218,2,218,11,2024-03-01,2027-02-25,,,DISABLED,402,2024-02-29 22:56:23.000000 +00:00,2025-11-04 04:23:56.000000 +00:00
219,2,219,11,2024-03-01,2027-02-25,,,ACTIVE,401,2024-03-01 03:34:06.000000 +00:00,2025-01-10 12:48:32.000000 +00:00
220,2,220,11,2024-03-01,2027-02-25,,,DISABLED,401,2024-03-01 14:40:20.000000 +00:00,2025-07-06 21:24:14.000000 +00:00
221,2,221,12,2025-03-01,2028-02-25,,,PENDING,402,2025-02-28 20:26:01.000000 +00:00,2025-07-22 21:33:45.000000 +00:00
222,2,222,12,2025-03-01,2028-02-25,,,PENDING,401,2025-02-28 20:15:52.000000 +00:00,2025-08-18 16:57:10.000000 +00:00
223,2,223,12,2025-03-01,2028-02-25,,,PENDING,402,2025-03-01 07:26:37.000000 +00:00,2025-07-16 11:12:21.000000 +00:00
224,2,224,12,2025-03-01,2028-02-25,,,PENDING,402,2025-03-01 13:48:01.000000 +00:00,2025-05-19 01:26:09.000000 +00:00
225,2,225,12,2025-03-01,2028-02-25,,,ACTIVE,401,2025-03-01 11:38:20.000000 +00:00,2025-09-10 04:14:13.000000 +00:00
226,2,226,12,2025-03-01,2028-02-25,,,ACTIVE,401,2025-02-28 21:20:42.000000 +00:00,2026-02-28 10:35:43.000000 +00:00
227,2,227,12,2025-03-01,2028-02-25,,,DISABLED,401,2025-03-01 11:51:54.000000 +00:00,2025-12-09 23:54:29.000000 +00:00
228,2,228,12,2025-03-01,2028-02-25,,,ACTIVE,401,2025-02-28 17:44:00.000000 +00:00,2025-03-22 17:17:19.000000 +00:00
229,2,229,12,2025-03-01,2028-02-25,,,DISABLED,401,2025-03-01 10:50:07.000000 +00:00,2025-12-07 16:23:12.000000 +00:00
230,2,230,12,2025-03-01,2028-02-25,,,PENDING,402,2025-02-28 16:53:54.000000 +00:00,2026-01-09 19:57:36.000000 +00:00
231,2,231,12,2025-03-01,2028-02-25,,,PENDING,401,2025-02-28 15:32:11.000000 +00:00,2025-05-03 18:34:44.000000 +00:00
232,2,232,12,2025-03-01,2028-02-25,,,ACTIVE,402,2025-03-01 06:35:13.000000 +00:00,2025-04-05 03:18:38.000000 +00:00
233,2,233,12,2025-03-01,2028-02-25,,,ACTIVE,401,2025-03-01 14:44:17.000000 +00:00,2026-02-28 17:40:12.000000 +00:00
234,2,234,12,2025-03-01,2028-02-25,,,DISABLED,401,2025-03-01 10:06:40.000000 +00:00,2025-05-08 06:09:35.000000 +00:00
235,2,235,12,2025-03-01,2028-02-25,,,DISABLED,401,2025-02-28 23:13:39.000000 +00:00,2025-12-06 23:59:31.000000 +00:00
236,2,236,12,2025-03-01,2028-02-25,,,PENDING,401,2025-03-01 14:42:36.000000 +00:00,2025-03-01 14:42:36.000000 +00:00
237,2,237,12,2025-03-01,2028-02-25,,,PENDING,402,2025-03-01 09:42:21.000000 +00:00,2025-11-11 07:41:57.000000 +00:00
238,2,238,12,2025-03-01,2028-02-25,,,PENDING,402,2025-02-28 22:38:52.000000 +00:00,2026-03-30 06:48:27.000000 +00:00
239,2,239,12,2025-03-01,2028-02-25,,,PENDING,402,2025-03-01 11:56:54.000000 +00:00,2026-01-25 10:01:00.000000 +00:00
240,2,240,12,2025-03-01,2028-02-25,,,ACTIVE,402,2025-03-01 11:36:38.000000 +00:00,2025-08-02 17:54:55.000000 +00:00
241,2,241,13,2025-03-01,2028-02-25,,,PENDING,401,2025-02-28 20:48:52.000000 +00:00,2025-03-30 10:10:13.000000 +00:00
242,2,242,13,2025-03-01,2028-02-25,,,PENDING,402,2025-03-01 11:11:57.000000 +00:00,2025-10-28 23:35:06.000000 +00:00
243,2,243,13,2025-03-01,2028-02-25,,,ACTIVE,401,2025-03-01 02:19:12.000000 +00:00,2025-07-28 23:07:45.000000 +00:00
244,2,244,13,2025-03-01,2028-02-25,,,PENDING,401,2025-03-01 01:38:13.000000 +00:00,2026-01-28 13:13:40.000000 +00:00
245,2,245,13,2025-03-01,2028-02-25,,,ACTIVE,401,2025-03-01 05:23:43.000000 +00:00,2025-10-18 15:32:02.000000 +00:00
246,2,246,13,2025-03-01,2028-02-25,,,ACTIVE,401,2025-03-01 11:04:36.000000 +00:00,2026-03-12 12:40:15.000000 +00:00
247,2,247,13,2025-03-01,2028-02-25,,,DISABLED,401,2025-03-01 14:47:25.000000 +00:00,2025-08-30 10:54:34.000000 +00:00
248,2,248,13,2025-03-01,2028-02-25,,,PENDING,402,2025-03-01 04:24:24.000000 +00:00,2025-12-06 07:28:51.000000 +00:00
249,2,249,13,2025-03-01,2028-02-25,,,PENDING,401,2025-02-28 19:18:36.000000 +00:00,2026-03-11 12:06:34.000000 +00:00
250,2,250,13,2025-03-01,2028-02-25,,,ACTIVE,401,2025-02-28 17:33:33.000000 +00:00,2025-07-31 15:11:59.000000 +00:00
251,2,251,13,2025-03-01,2028-02-25,,,DISABLED,401,2025-03-01 05:41:38.000000 +00:00,2025-11-18 23:01:19.000000 +00:00
252,2,252,13,2025-03-01,2028-02-25,,,ACTIVE,402,2025-03-01 00:39:46.000000 +00:00,2025-04-27 14:48:01.000000 +00:00
253,2,253,13,2025-03-01,2028-02-25,,,DISABLED,402,2025-02-28 22:26:26.000000 +00:00,2026-01-04 04:18:45.000000 +00:00
254,2,254,13,2025-03-01,2028-02-25,,,DISABLED,402,2025-02-28 16:23:59.000000 +00:00,2025-02-28 16:23:59.000000 +00:00
255,2,255,13,2025-03-01,2028-02-25,,,ACTIVE,402,2025-03-01 02:13:13.000000 +00:00,2025-11-17 11:10:59.000000 +00:00
256,2,256,13,2025-03-01,2028-02-25,,,DISABLED,402,2025-03-01 11:03:46.000000 +00:00,2025-03-12 17:52:03.000000 +00:00
257,2,257,13,2025-03-01,2028-02-25,,,ACTIVE,401,2025-03-01 14:54:03.000000 +00:00,2025-11-07 00:53:49.000000 +00:00
258,2,258,13,2025-03-01,2028-02-25,,,ACTIVE,401,2025-03-01 11:04:52.000000 +00:00,2025-03-01 11:04:52.000000 +00:00
259,2,259,13,2025-03-01,2028-02-25,,,ACTIVE,402,2025-02-28 21:58:13.000000 +00:00,2025-04-24 15:47:21.000000 +00:00
260,2,260,13,2025-03-01,2028-02-25,,,ACTIVE,402,2025-03-01 06:20:37.000000 +00:00,2025-03-01 06:20:37.000000 +00:00
261,2,261,14,2025-03-01,2028-02-25,,,ACTIVE,402,2023-03-01 07:04:45.000000 +00:00,2025-01-16 23:13:12.000000 +00:00
262,2,262,14,2025-03-01,2028-02-25,,,PENDING,401,2023-03-01 08:39:09.000000 +00:00,2025-12-04 23:45:06.000000 +00:00
263,2,263,14,2025-03-01,2028-02-25,,,ACTIVE,402,2023-03-01 13:58:35.000000 +00:00,2025-07-28 03:38:57.000000 +00:00
264,2,264,14,2025-03-01,2028-02-25,,,DISABLED,401,2023-03-01 12:50:28.000000 +00:00,2025-12-16 15:20:10.000000 +00:00
265,2,265,14,2025-03-01,2028-02-25,,,DISABLED,402,2023-02-28 15:30:05.000000 +00:00,2025-07-25 09:33:46.000000 +00:00
266,2,266,14,2025-03-01,2028-02-25,,,DISABLED,402,2023-03-01 08:01:20.000000 +00:00,2025-07-31 12:28:21.000000 +00:00
267,2,267,14,2025-03-01,2028-02-25,,,PENDING,401,2023-03-01 12:03:47.000000 +00:00,2025-03-25 09:04:20.000000 +00:00
268,2,268,14,2025-03-01,2028-02-25,,,DISABLED,401,2023-02-28 20:57:26.000000 +00:00,2025-07-04 23:29:47.000000 +00:00
269,2,269,14,2025-03-01,2028-02-25,,,PENDING,401,2023-03-01 01:39:37.000000 +00:00,2025-12-24 09:58:03.000000 +00:00
270,2,270,14,2025-03-01,2028-02-25,,,PENDING,402,2023-02-28 20:10:20.000000 +00:00,2025-07-28 15:36:09.000000 +00:00
271,2,271,14,2025-03-01,2028-02-25,,,DISABLED,401,2023-03-01 12:36:29.000000 +00:00,2026-02-06 09:14:30.000000 +00:00
272,2,272,14,2025-03-01,2028-02-25,,,DISABLED,402,2023-02-28 19:20:10.000000 +00:00,2025-06-23 19:57:36.000000 +00:00
273,2,273,14,2025-03-01,2028-02-25,,,ACTIVE,401,2023-03-01 10:24:49.000000 +00:00,2025-01-07 13:34:49.000000 +00:00
274,2,274,14,2025-03-01,2028-02-25,,,ACTIVE,401,2023-03-01 03:20:30.000000 +00:00,2026-01-25 00:15:57.000000 +00:00
275,2,275,14,2025-03-01,2028-02-25,,,DISABLED,401,2023-02-28 23:48:24.000000 +00:00,2025-06-01 04:09:47.000000 +00:00
276,2,276,14,2025-03-01,2028-02-25,,,PENDING,402,2023-03-01 00:25:30.000000 +00:00,2025-05-30 23:16:33.000000 +00:00
277,2,277,14,2025-03-01,2028-02-25,,,PENDING,402,2023-03-01 08:43:32.000000 +00:00,2025-08-06 16:59:47.000000 +00:00
278,2,278,14,2025-03-01,2028-02-25,,,PENDING,402,2023-03-01 05:55:52.000000 +00:00,2026-01-29 21:25:35.000000 +00:00
279,2,279,14,2025-03-01,2028-02-25,,,ACTIVE,401,2023-02-28 19:10:11.000000 +00:00,2026-01-26 06:03:34.000000 +00:00
280,2,280,14,2025-03-01,2028-02-25,,,ACTIVE,402,2023-02-28 22:07:16.000000 +00:00,2025-07-06 16:44:59.000000 +00:00
281,3,281,15,2023-03-01,2026-02-25,,,DISABLED,701,2023-03-01 13:52:41.000000 +00:00,2025-01-07 17:38:04.000000 +00:00
282,3,282,15,2023-03-01,2026-02-25,,,PENDING,701,2023-02-28 23:32:22.000000 +00:00,2025-11-19 01:17:21.000000 +00:00
283,3,283,15,2023-03-01,2026-02-25,,,ACTIVE,702,2023-03-01 03:47:29.000000 +00:00,2025-02-03 11:53:45.000000 +00:00
284,3,284,15,2023-03-01,2026-02-25,,,DISABLED,702,2023-03-01 13:19:35.000000 +00:00,2025-07-31 17:34:54.000000 +00:00
285,3,285,15,2023-03-01,2026-02-25,,,ACTIVE,701,2023-02-28 15:12:20.000000 +00:00,2025-09-06 00:40:49.000000 +00:00
286,3,286,15,2023-03-01,2026-02-25,,,ACTIVE,701,2023-03-01 09:16:38.000000 +00:00,2025-02-26 01:48:40.000000 +00:00
287,3,287,15,2023-03-01,2026-02-25,,,ACTIVE,701,2023-03-01 09:05:31.000000 +00:00,2025-01-10 07:11:50.000000 +00:00
288,3,288,15,2023-03-01,2026-02-25,,,PENDING,702,2023-03-01 11:03:42.000000 +00:00,2025-11-20 13:14:44.000000 +00:00
289,3,289,15,2023-03-01,2026-02-25,,,PENDING,701,2023-03-01 00:43:11.000000 +00:00,2025-10-19 14:32:25.000000 +00:00
290,3,290,15,2023-03-01,2026-02-25,,,ACTIVE,701,2023-03-01 00:14:31.000000 +00:00,2025-07-05 07:55:18.000000 +00:00
291,3,291,15,2023-03-01,2026-02-25,,,DISABLED,702,2023-03-01 05:19:25.000000 +00:00,2025-04-27 00:58:18.000000 +00:00
292,3,292,15,2023-03-01,2026-02-25,,,PENDING,702,2023-02-28 21:15:55.000000 +00:00,2025-02-05 15:23:18.000000 +00:00
293,3,293,15,2023-03-01,2026-02-25,,,ACTIVE,702,2023-03-01 10:06:14.000000 +00:00,2025-01-09 09:27:28.000000 +00:00
294,3,294,15,2023-03-01,2026-02-25,,,PENDING,702,2023-02-28 23:37:52.000000 +00:00,2026-01-30 10:32:58.000000 +00:00
295,3,295,15,2023-03-01,2026-02-25,,,PENDING,701,2023-03-01 01:30:50.000000 +00:00,2025-04-01 10:35:34.000000 +00:00
296,3,296,15,2023-03-01,2026-02-25,,,PENDING,701,2023-02-28 17:46:52.000000 +00:00,2025-01-20 23:18:11.000000 +00:00
297,3,297,15,2023-03-01,2026-02-25,,,PENDING,701,2023-03-01 02:28:09.000000 +00:00,2026-02-13 08:53:41.000000 +00:00
298,3,298,15,2023-03-01,2026-02-25,,,ACTIVE,701,2023-02-28 17:01:31.000000 +00:00,2025-05-29 08:09:21.000000 +00:00
299,3,299,15,2023-03-01,2026-02-25,,,DISABLED,702,2023-02-28 16:44:59.000000 +00:00,2025-10-16 14:32:14.000000 +00:00
300,3,300,15,2023-03-01,2026-02-25,,,DISABLED,702,2023-02-28 15:46:28.000000 +00:00,2025-03-31 09:17:55.000000 +00:00
301,3,301,16,2023-03-01,2026-02-25,,,DISABLED,701,2024-03-01 05:18:04.000000 +00:00,2025-06-23 14:52:53.000000 +00:00
302,3,302,16,2023-03-01,2026-02-25,,,ACTIVE,701,2024-02-29 16:12:47.000000 +00:00,2025-04-14 14:44:53.000000 +00:00
303,3,303,16,2023-03-01,2026-02-25,,,ACTIVE,702,2024-03-01 13:03:46.000000 +00:00,2025-04-13 04:57:52.000000 +00:00
304,3,304,16,2023-03-01,2026-02-25,,,PENDING,701,2024-03-01 03:46:58.000000 +00:00,2025-12-14 14:18:42.000000 +00:00
305,3,305,16,2023-03-01,2026-02-25,,,DISABLED,701,2024-03-01 06:15:00.000000 +00:00,2025-02-22 19:19:35.000000 +00:00
306,3,306,16,2023-03-01,2026-02-25,,,ACTIVE,702,2024-02-29 20:27:39.000000 +00:00,2025-10-21 08:50:49.000000 +00:00
307,3,307,16,2023-03-01,2026-02-25,,,DISABLED,701,2024-03-01 02:25:03.000000 +00:00,2025-06-13 08:02:15.000000 +00:00
308,3,308,16,2023-03-01,2026-02-25,,,PENDING,702,2024-03-01 14:56:12.000000 +00:00,2025-12-24 01:52:28.000000 +00:00
309,3,309,16,2023-03-01,2026-02-25,,,DISABLED,701,2024-03-01 10:00:29.000000 +00:00,2026-01-11 13:03:13.000000 +00:00
310,3,310,16,2023-03-01,2026-02-25,,,ACTIVE,702,2024-02-29 20:19:09.000000 +00:00,2025-05-21 20:15:01.000000 +00:00
311,3,311,16,2023-03-01,2026-02-25,,,PENDING,701,2024-02-29 15:31:07.000000 +00:00,2026-02-25 12:50:36.000000 +00:00
312,3,312,16,2023-03-01,2026-02-25,,,DISABLED,701,2024-02-29 15:41:21.000000 +00:00,2025-11-17 10:18:58.000000 +00:00
313,3,313,16,2023-03-01,2026-02-25,,,PENDING,701,2024-02-29 21:44:40.000000 +00:00,2025-03-30 10:58:01.000000 +00:00
314,3,314,16,2023-03-01,2026-02-25,,,DISABLED,701,2024-02-29 15:05:26.000000 +00:00,2025-07-09 23:08:43.000000 +00:00
315,3,315,16,2023-03-01,2026-02-25,,,DISABLED,702,2024-03-01 10:07:00.000000 +00:00,2026-02-07 14:31:29.000000 +00:00
316,3,316,16,2023-03-01,2026-02-25,,,ACTIVE,701,2024-02-29 23:07:59.000000 +00:00,2025-01-14 20:09:52.000000 +00:00
317,3,317,16,2023-03-01,2026-02-25,,,ACTIVE,701,2024-03-01 05:05:03.000000 +00:00,2025-05-28 00:59:28.000000 +00:00
318,3,318,16,2023-03-01,2026-02-25,,,PENDING,702,2024-03-01 02:22:31.000000 +00:00,2025-05-31 05:14:34.000000 +00:00
319,3,319,16,2023-03-01,2026-02-25,,,ACTIVE,702,2024-03-01 10:05:58.000000 +00:00,2025-06-15 22:06:36.000000 +00:00
320,3,320,16,2023-03-01,2026-02-25,,,DISABLED,702,2024-03-01 06:57:38.000000 +00:00,2026-01-03 08:01:30.000000 +00:00
321,3,321,17,2024-03-01,2027-02-25,,,DISABLED,702,2024-03-01 08:00:51.000000 +00:00,2025-06-25 00:27:48.000000 +00:00
322,3,322,17,2024-03-01,2027-02-25,,,DISABLED,702,2024-03-01 06:36:41.000000 +00:00,2026-03-22 00:06:01.000000 +00:00
323,3,323,17,2024-03-01,2027-02-25,,,DISABLED,701,2024-02-29 16:28:31.000000 +00:00,2025-01-13 21:24:34.000000 +00:00
324,3,324,17,2024-03-01,2027-02-25,,,PENDING,702,2024-02-29 15:02:08.000000 +00:00,2026-01-12 19:54:27.000000 +00:00
325,3,325,17,2024-03-01,2027-02-25,,,ACTIVE,702,2024-03-01 01:11:28.000000 +00:00,2025-04-27 21:34:20.000000 +00:00
326,3,326,17,2024-03-01,2027-02-25,,,DISABLED,701,2024-03-01 08:37:32.000000 +00:00,2025-09-15 20:17:54.000000 +00:00
327,3,327,17,2024-03-01,2027-02-25,,,DISABLED,701,2024-02-29 22:11:10.000000 +00:00,2025-10-02 20:46:12.000000 +00:00
328,3,328,17,2024-03-01,2027-02-25,,,PENDING,701,2024-03-01 03:27:09.000000 +00:00,2025-07-09 21:43:46.000000 +00:00
329,3,329,17,2024-03-01,2027-02-25,,,ACTIVE,701,2024-03-01 06:54:36.000000 +00:00,2025-08-29 10:20:21.000000 +00:00
330,3,330,17,2024-03-01,2027-02-25,,,ACTIVE,701,2024-03-01 12:02:04.000000 +00:00,2026-01-31 02:40:29.000000 +00:00
331,3,331,17,2024-03-01,2027-02-25,,,PENDING,701,2024-02-29 15:39:56.000000 +00:00,2025-07-16 06:53:20.000000 +00:00
332,3,332,17,2024-03-01,2027-02-25,,,ACTIVE,702,2024-02-29 17:35:10.000000 +00:00,2025-09-22 01:16:55.000000 +00:00
333,3,333,17,2024-03-01,2027-02-25,,,PENDING,701,2024-03-01 14:22:59.000000 +00:00,2026-01-06 23:21:28.000000 +00:00
334,3,334,17,2024-03-01,2027-02-25,,,DISABLED,702,2024-03-01 08:45:05.000000 +00:00,2026-03-10 17:06:55.000000 +00:00
335,3,335,17,2024-03-01,2027-02-25,,,ACTIVE,702,2024-03-01 04:00:24.000000 +00:00,2025-03-31 08:39:32.000000 +00:00
336,3,336,17,2024-03-01,2027-02-25,,,ACTIVE,702,2024-02-29 15:41:56.000000 +00:00,2025-05-30 19:49:39.000000 +00:00
337,3,337,17,2024-03-01,2027-02-25,,,ACTIVE,702,2024-03-01 09:14:21.000000 +00:00,2026-02-15 06:31:50.000000 +00:00
338,3,338,17,2024-03-01,2027-02-25,,,ACTIVE,701,2024-02-29 23:52:42.000000 +00:00,2025-06-09 07:18:56.000000 +00:00
339,3,339,17,2024-03-01,2027-02-25,,,PENDING,701,2024-03-01 04:48:52.000000 +00:00,2025-04-02 21:12:10.000000 +00:00
340,3,340,17,2024-03-01,2027-02-25,,,DISABLED,702,2024-03-01 04:16:00.000000 +00:00,2025-07-12 19:07:17.000000 +00:00
341,3,341,18,2024-03-01,2027-02-25,,,ACTIVE,702,2024-02-29 21:33:25.000000 +00:00,2025-04-30 11:58:01.000000 +00:00
342,3,342,18,2024-03-01,2027-02-25,,,ACTIVE,702,2024-03-01 08:00:00.000000 +00:00,2025-10-06 22:08:27.000000 +00:00
343,3,343,18,2024-03-01,2027-02-25,,,DISABLED,701,2024-03-01 02:54:47.000000 +00:00,2025-01-18 10:29:31.000000 +00:00
344,3,344,18,2024-03-01,2027-02-25,,,PENDING,702,2024-02-29 17:46:20.000000 +00:00,2026-03-23 20:43:28.000000 +00:00
345,3,345,18,2024-03-01,2027-02-25,,,DISABLED,701,2024-03-01 14:01:44.000000 +00:00,2025-01-27 15:20:51.000000 +00:00
346,3,346,18,2024-03-01,2027-02-25,,,DISABLED,701,2024-02-29 19:08:28.000000 +00:00,2025-03-03 20:19:46.000000 +00:00
347,3,347,18,2024-03-01,2027-02-25,,,ACTIVE,702,2024-02-29 18:42:51.000000 +00:00,2025-02-12 01:01:27.000000 +00:00
348,3,348,18,2024-03-01,2027-02-25,,,DISABLED,701,2024-03-01 11:08:08.000000 +00:00,2025-10-08 16:45:03.000000 +00:00
349,3,349,18,2024-03-01,2027-02-25,,,ACTIVE,701,2024-03-01 00:20:21.000000 +00:00,2025-03-09 11:57:16.000000 +00:00
350,3,350,18,2024-03-01,2027-02-25,,,PENDING,701,2024-03-01 05:50:12.000000 +00:00,2026-02-18 22:46:04.000000 +00:00
351,3,351,18,2024-03-01,2027-02-25,,,PENDING,701,2024-02-29 16:54:48.000000 +00:00,2025-02-16 02:47:27.000000 +00:00
352,3,352,18,2024-03-01,2027-02-25,,,PENDING,701,2024-02-29 21:21:20.000000 +00:00,2025-05-07 08:41:46.000000 +00:00
353,3,353,18,2024-03-01,2027-02-25,,,PENDING,701,2024-03-01 04:32:22.000000 +00:00,2026-03-16 00:27:01.000000 +00:00
354,3,354,18,2024-03-01,2027-02-25,,,DISABLED,702,2024-03-01 05:43:44.000000 +00:00,2026-03-22 23:15:40.000000 +00:00
355,3,355,18,2024-03-01,2027-02-25,,,PENDING,701,2024-03-01 10:24:53.000000 +00:00,2026-01-09 20:02:44.000000 +00:00
356,3,356,18,2024-03-01,2027-02-25,,,PENDING,702,2024-02-29 18:04:23.000000 +00:00,2025-05-03 03:47:47.000000 +00:00
357,3,357,18,2024-03-01,2027-02-25,,,PENDING,702,2024-02-29 17:15:20.000000 +00:00,2025-05-06 18:26:34.000000 +00:00
358,3,358,18,2024-03-01,2027-02-25,,,DISABLED,702,2024-03-01 10:31:37.000000 +00:00,2025-09-10 12:57:35.000000 +00:00
359,3,359,18,2024-03-01,2027-02-25,,,PENDING,702,2024-03-01 02:19:51.000000 +00:00,2026-02-12 19:56:42.000000 +00:00
360,3,360,18,2024-03-01,2027-02-25,,,DISABLED,702,2024-03-01 13:08:28.000000 +00:00,2025-06-20 03:21:32.000000 +00:00
361,3,361,19,2025-03-01,2028-02-25,,,PENDING,702,2025-03-01 05:36:14.000000 +00:00,2025-11-08 22:13:44.000000 +00:00
362,3,362,19,2025-03-01,2028-02-25,,,ACTIVE,701,2025-03-01 04:02:59.000000 +00:00,2025-06-23 17:22:42.000000 +00:00
363,3,363,19,2025-03-01,2028-02-25,,,DISABLED,701,2025-03-01 09:00:12.000000 +00:00,2025-03-01 09:00:12.000000 +00:00
364,3,364,19,2025-03-01,2028-02-25,,,ACTIVE,702,2025-02-28 22:28:18.000000 +00:00,2025-02-28 22:28:18.000000 +00:00
365,3,365,19,2025-03-01,2028-02-25,,,PENDING,702,2025-02-28 16:19:42.000000 +00:00,2025-02-28 16:19:42.000000 +00:00
366,3,366,19,2025-03-01,2028-02-25,,,DISABLED,702,2025-03-01 06:59:44.000000 +00:00,2026-03-23 16:54:19.000000 +00:00
367,3,367,19,2025-03-01,2028-02-25,,,ACTIVE,702,2025-03-01 03:40:50.000000 +00:00,2026-03-30 10:54:47.000000 +00:00
368,3,368,19,2025-03-01,2028-02-25,,,DISABLED,702,2025-03-01 09:24:51.000000 +00:00,2025-10-10 16:37:33.000000 +00:00
369,3,369,19,2025-03-01,2028-02-25,,,DISABLED,702,2025-03-01 07:40:43.000000 +00:00,2026-01-17 16:46:14.000000 +00:00
370,3,370,19,2025-03-01,2028-02-25,,,PENDING,701,2025-02-28 16:24:57.000000 +00:00,2025-02-28 16:24:57.000000 +00:00
371,3,371,19,2025-03-01,2028-02-25,,,DISABLED,701,2025-02-28 16:47:31.000000 +00:00,2025-05-17 10:06:54.000000 +00:00
372,3,372,19,2025-03-01,2028-02-25,,,ACTIVE,701,2025-03-01 06:41:44.000000 +00:00,2025-10-24 15:20:17.000000 +00:00
373,3,373,19,2025-03-01,2028-02-25,,,PENDING,702,2025-03-01 03:23:27.000000 +00:00,2025-10-10 08:38:16.000000 +00:00
374,3,374,19,2025-03-01,2028-02-25,,,ACTIVE,701,2025-03-01 01:04:35.000000 +00:00,2025-07-27 01:27:48.000000 +00:00
375,3,375,19,2025-03-01,2028-02-25,,,ACTIVE,702,2025-03-01 01:58:52.000000 +00:00,2025-07-24 23:05:56.000000 +00:00
376,3,376,19,2025-03-01,2028-02-25,,,ACTIVE,701,2025-03-01 12:22:39.000000 +00:00,2025-06-09 01:24:49.000000 +00:00
377,3,377,19,2025-03-01,2028-02-25,,,DISABLED,701,2025-02-28 15:09:32.000000 +00:00,2025-09-13 00:49:37.000000 +00:00
378,3,378,19,2025-03-01,2028-02-25,,,DISABLED,702,2025-03-01 09:37:45.000000 +00:00,2026-02-09 01:17:08.000000 +00:00
379,3,379,19,2025-03-01,2028-02-25,,,PENDING,701,2025-02-28 16:54:27.000000 +00:00,2025-02-28 16:54:27.000000 +00:00
380,3,380,19,2025-03-01,2028-02-25,,,PENDING,701,2025-03-01 06:14:29.000000 +00:00,2025-03-01 06:14:29.000000 +00:00
381,3,381,20,2025-03-01,2028-02-25,,,PENDING,701,2025-03-01 07:36:49.000000 +00:00,2025-05-23 05:04:25.000000 +00:00
382,3,382,20,2025-03-01,2028-02-25,,,PENDING,702,2025-02-28 20:03:15.000000 +00:00,2025-03-03 16:29:15.000000 +00:00
383,3,383,20,2025-03-01,2028-02-25,,,PENDING,701,2025-02-28 21:05:57.000000 +00:00,2025-02-28 21:05:57.000000 +00:00
384,3,384,20,2025-03-01,2028-02-25,,,PENDING,701,2025-03-01 06:20:22.000000 +00:00,2026-02-14 13:16:48.000000 +00:00
385,3,385,20,2025-03-01,2028-02-25,,,DISABLED,701,2025-03-01 02:23:43.000000 +00:00,2025-06-28 21:34:04.000000 +00:00
386,3,386,20,2025-03-01,2028-02-25,,,DISABLED,701,2025-02-28 15:04:18.000000 +00:00,2025-05-01 03:46:03.000000 +00:00
387,3,387,20,2025-03-01,2028-02-25,,,ACTIVE,701,2025-03-01 00:19:37.000000 +00:00,2025-08-06 05:22:16.000000 +00:00
388,3,388,20,2025-03-01,2028-02-25,,,DISABLED,702,2025-03-01 06:03:00.000000 +00:00,2026-01-28 17:45:00.000000 +00:00
389,3,389,20,2025-03-01,2028-02-25,,,ACTIVE,701,2025-03-01 11:51:31.000000 +00:00,2025-11-09 04:12:30.000000 +00:00
390,3,390,20,2025-03-01,2028-02-25,,,PENDING,702,2025-02-28 15:44:19.000000 +00:00,2026-02-18 18:57:55.000000 +00:00
391,3,391,20,2025-03-01,2028-02-25,,,DISABLED,702,2025-03-01 08:04:44.000000 +00:00,2025-09-14 12:44:39.000000 +00:00
392,3,392,20,2025-03-01,2028-02-25,,,PENDING,702,2025-02-28 17:07:26.000000 +00:00,2025-03-25 08:28:47.000000 +00:00
393,3,393,20,2025-03-01,2028-02-25,,,PENDING,701,2025-03-01 06:20:44.000000 +00:00,2025-11-23 18:48:24.000000 +00:00
394,3,394,20,2025-03-01,2028-02-25,,,PENDING,702,2025-02-28 18:39:28.000000 +00:00,2025-12-25 19:37:37.000000 +00:00
395,3,395,20,2025-03-01,2028-02-25,,,DISABLED,701,2025-02-28 18:36:33.000000 +00:00,2025-07-27 09:58:11.000000 +00:00
396,3,396,20,2025-03-01,2028-02-25,,,PENDING,701,2025-02-28 19:22:19.000000 +00:00,2025-03-02 08:03:12.000000 +00:00
397,3,397,20,2025-03-01,2028-02-25,,,DISABLED,701,2025-03-01 14:02:10.000000 +00:00,2026-03-09 16:36:44.000000 +00:00
398,3,398,20,2025-03-01,2028-02-25,,,PENDING,702,2025-03-01 06:07:09.000000 +00:00,2025-07-15 15:39:53.000000 +00:00
399,3,399,20,2025-03-01,2028-02-25,,,PENDING,702,2025-03-01 03:18:35.000000 +00:00,2026-03-17 10:53:54.000000 +00:00
400,3,400,20,2025-03-01,2028-02-25,,,DISABLED,702,2025-03-01 10:57:55.000000 +00:00,2025-03-26 13:01:45.000000 +00:00
401,3,401,21,2025-03-01,2028-02-25,,,DISABLED,701,2023-03-01 04:13:29.000000 +00:00,2025-11-28 21:29:34.000000 +00:00
402,3,402,21,2025-03-01,2028-02-25,,,PENDING,702,2023-03-01 01:39:30.000000 +00:00,2025-06-24 09:08:57.000000 +00:00
403,3,403,21,2025-03-01,2028-02-25,,,DISABLED,701,2023-02-28 19:14:22.000000 +00:00,2025-02-08 17:35:58.000000 +00:00
404,3,404,21,2025-03-01,2028-02-25,,,PENDING,702,2023-03-01 09:20:44.000000 +00:00,2025-01-19 18:34:33.000000 +00:00
405,3,405,21,2025-03-01,2028-02-25,,,ACTIVE,701,2023-03-01 05:31:07.000000 +00:00,2025-10-14 14:18:50.000000 +00:00
406,3,406,21,2025-03-01,2028-02-25,,,DISABLED,702,2023-02-28 16:05:10.000000 +00:00,2026-01-01 06:23:17.000000 +00:00
407,3,407,21,2025-03-01,2028-02-25,,,ACTIVE,702,2023-02-28 22:02:02.000000 +00:00,2025-07-29 10:40:36.000000 +00:00
408,3,408,21,2025-03-01,2028-02-25,,,ACTIVE,702,2023-02-28 15:07:04.000000 +00:00,2025-07-08 23:35:48.000000 +00:00
409,3,409,21,2025-03-01,2028-02-25,,,PENDING,702,2023-03-01 00:49:04.000000 +00:00,2025-05-17 23:01:06.000000 +00:00
410,3,410,21,2025-03-01,2028-02-25,,,PENDING,701,2023-02-28 22:58:52.000000 +00:00,2025-03-18 13:55:14.000000 +00:00
411,3,411,21,2025-03-01,2028-02-25,,,PENDING,701,2023-03-01 14:18:53.000000 +00:00,2025-10-15 18:58:25.000000 +00:00
412,3,412,21,2025-03-01,2028-02-25,,,DISABLED,702,2023-03-01 05:20:36.000000 +00:00,2025-02-27 22:43:56.000000 +00:00
413,3,413,21,2025-03-01,2028-02-25,,,DISABLED,701,2023-03-01 07:28:32.000000 +00:00,2025-09-22 18:08:07.000000 +00:00
414,3,414,21,2025-03-01,2028-02-25,,,PENDING,702,2023-03-01 08:42:31.000000 +00:00,2025-07-20 05:53:55.000000 +00:00
415,3,415,21,2025-03-01,2028-02-25,,,ACTIVE,701,2023-02-28 18:53:21.000000 +00:00,2025-03-07 02:20:58.000000 +00:00
416,3,416,21,2025-03-01,2028-02-25,,,DISABLED,702,2023-02-28 21:58:59.000000 +00:00,2025-01-30 06:23:52.000000 +00:00
417,3,417,21,2025-03-01,2028-02-25,,,PENDING,701,2023-03-01 01:21:21.000000 +00:00,2025-01-22 08:08:19.000000 +00:00
418,3,418,21,2025-03-01,2028-02-25,,,ACTIVE,701,2023-03-01 05:17:21.000000 +00:00,2025-11-27 19:25:16.000000 +00:00
419,3,419,21,2025-03-01,2028-02-25,,,DISABLED,701,2023-02-28 16:20:06.000000 +00:00,2026-02-02 11:04:33.000000 +00:00
420,3,420,21,2025-03-01,2028-02-25,,,PENDING,702,2023-03-01 07:38:58.000000 +00:00,2026-03-16 14:40:58.000000 +00:00
